Timestamp,Milliseconds,LinLeft,LinRight,AccX,AccY,AccZ,GyroX,GyroY,GyroZ
2025-10-05 17:32:52,513,20285,20244,0.992,-0.037,-0.097,0.488,0.122,-0.305
2025-10-05 17:32:52,532,20285,20244,0.992,-0.039,-0.095,0.366,0.244,-0.366
2025-10-05 17:32:52,551,20285,20244,0.99,-0.04,-0.094,0.305,0.244,-0.427
2025-10-05 17:32:52,570,20305,20244,0.991,-0.039,-0.093,0.244,0.183,-0.305
2025-10-05 17:32:52,589,20285,20244,0.993,-0.037,-0.092,0.061,0.244,-0.366
2025-10-05 17:32:52,608,20285,20244,0.989,-0.033,-0.094,-0.061,0.305,-0.244
2025-10-05 17:32:52,627,20285,20244,0.989,-0.028,-0.095,-0.061,0.244,-0.244
2025-10-05 17:32:52,646,20285,20244,0.992,-0.023,-0.095,-0.061,0.244,-0.305
2025-10-05 17:32:52,665,20285,20244,0.99,-0.024,-0.097,-0.183,0.061,-0.183
2025-10-05 17:32:52,684,20285,20244,0.99,-0.028,-0.095,-0.244,0.366,-0.183
2025-10-05 17:32:52,703,20285,20244,0.99,-0.032,-0.096,-0.305,0.305,-0.305
2025-10-05 17:32:52,722,20285,20244,0.991,-0.035,-0.099,-0.244,0.305,-0.122
2025-10-05 17:32:52,741,20285,20244,0.989,-0.035,-0.1,-0.366,0.305,-0.122
2025-10-05 17:32:52,760,20285,20244,0.991,-0.031,-0.102,-0.366,0.183,-0.244
2025-10-05 17:32:52,779,20285,20244,0.991,-0.029,-0.099,-0.366,0.305,-0.122
2025-10-05 17:32:52,798,20285,20244,0.991,-0.029,-0.101,-0.244,0.305,-0.061
2025-10-05 17:32:52,817,20285,20244,0.991,-0.029,-0.098,-0.061,0.366,-0.061
2025-10-05 17:32:52,836,20285,20244,0.988,-0.032,-0.098,-0.061,0.244,-0.061
2025-10-05 17:32:52,855,20285,20244,0.989,-0.037,-0.097,-0.183,0.366,0
2025-10-05 17:32:52,874,20285,20244,0.99,-0.04,-0.096,-0.244,0.305,-0.122
2025-10-05 17:32:52,892,20285,20244,0.992,-0.038,-0.098,-0.305,0.183,0.122
2025-10-05 17:32:52,911,20285,20244,0.989,-0.037,-0.095,-0.366,0.305,-0.122
2025-10-05 17:32:52,931,20285,20244,0.992,-0.033,-0.097,-0.305,0.244,-0.122
2025-10-05 17:32:52,950,20285,20244,0.991,-0.03,-0.098,-0.183,0.122,0
2025-10-05 17:32:52,969,20285,20244,0.99,-0.031,-0.099,-0.122,0.244,-0.061
2025-10-05 17:32:52,988,20285,20244,0.992,-0.035,-0.096,-0.061,0.427,0
2025-10-05 17:32:52,1007,20285,20244,0.99,-0.036,-0.097,-0.061,0.061,-0.061
2025-10-05 17:32:53,19,20305,20244,0.991,-0.039,-0.096,-0.122,0.183,-0.183
2025-10-05 17:32:53,38,20285,20244,0.99,-0.037,-0.1,0,0.305,-0.061
2025-10-05 17:32:53,57,20285,20244,0.991,-0.038,-0.097,-0.061,0.488,-0.305
2025-10-05 17:32:53,76,20285,20244,0.989,-0.035,-0.098,0.122,0.427,-0.183
2025-10-05 17:32:53,95,20285,20244,0.989,-0.033,-0.098,0.183,0.366,-0.183
2025-10-05 17:32:53,114,20305,20244,0.991,-0.035,-0.096,0.244,0.183,-0.244
2025-10-05 17:32:53,133,20285,20244,0.989,-0.035,-0.1,0.183,0.244,-0.305
2025-10-05 17:32:53,152,20285,20244,0.99,-0.035,-0.096,0.305,0.244,-0.305
2025-10-05 17:32:53,171,20285,20244,0.992,-0.035,-0.095,0.183,0.366,-0.122
2025-10-05 17:32:53,190,20285,20244,0.991,-0.036,-0.094,0.244,0.244,-0.366
2025-10-05 17:32:53,209,20285,20244,0.989,-0.032,-0.094,0.183,0.244,-0.305
2025-10-05 17:32:53,228,20285,20244,0.988,-0.032,-0.095,-0.061,0.305,-0.305
2025-10-05 17:32:53,247,20285,20244,0.991,-0.031,-0.094,-0.122,0.366,-0.244
2025-10-05 17:32:53,266,20285,20244,0.99,-0.032,-0.094,-0.122,0.366,-0.183
2025-10-05 17:32:53,285,20285,20244,0.992,-0.03,-0.093,-0.244,0.305,0.061
2025-10-05 17:32:53,304,20285,20244,0.989,-0.033,-0.097,-0.366,0,-0.061
2025-10-05 17:32:53,323,20285,20244,0.989,-0.032,-0.099,-0.244,0.244,-0.244
2025-10-05 17:32:53,341,20285,20244,0.991,-0.032,-0.103,-0.244,0.244,-0.061
2025-10-05 17:32:53,360,20285,20244,0.991,-0.033,-0.099,-0.061,0.244,-0.183
2025-10-05 17:32:53,380,20285,20244,0.99,-0.032,-0.099,-0.122,0.183,0.061
2025-10-05 17:32:53,399,20285,20244,0.99,-0.032,-0.099,0.061,0.366,-0.122
2025-10-05 17:32:53,418,20285,20244,0.99,-0.034,-0.097,0,0.305,-0.122
2025-10-05 17:32:53,437,20285,20244,0.99,-0.037,-0.098,-0.061,0.305,-0.183
2025-10-05 17:32:53,456,20285,20244,0.991,-0.039,-0.096,-0.061,0.244,-0.183
2025-10-05 17:32:53,475,20285,20244,0.99,-0.037,-0.095,0,0.366,-0.183
2025-10-05 17:32:53,494,20285,20244,0.987,-0.035,-0.096,0.061,0.244,-0.122
2025-10-05 17:32:53,513,20285,20244,0.991,-0.033,-0.096,0.183,0.305,-0.122
2025-10-05 17:32:53,532,20285,20244,0.991,-0.032,-0.099,0.183,0.183,-0.183
2025-10-05 17:32:53,551,20285,20244,0.989,-0.033,-0.099,0.488,0.366,-0.305
2025-10-05 17:32:53,570,20285,20244,0.99,-0.034,-0.097,0.427,0.488,-0.122
2025-10-05 17:32:53,589,20285,20244,0.99,-0.036,-0.095,0.366,0.427,-0.244
2025-10-05 17:32:53,608,20285,20244,0.989,-0.036,-0.097,0.488,0.366,-0.244
2025-10-05 17:32:53,627,20305,20244,0.992,-0.036,-0.095,0.366,0.488,-0.244
2025-10-05 17:32:53,646,20285,20244,0.994,-0.033,-0.093,0.549,0.427,-0.427
2025-10-05 17:32:53,665,20285,20244,0.991,-0.032,-0.094,0.671,0.366,-0.366
2025-10-05 17:32:53,684,20285,20244,0.991,-0.028,-0.094,0.61,0.549,-0.183
2025-10-05 17:32:53,703,20285,20244,0.989,-0.03,-0.09,0.671,0.61,-0.366
2025-10-05 17:32:53,722,20285,20244,0.99,-0.031,-0.089,0.854,0.671,-0.427
2025-10-05 17:32:53,741,20285,20244,0.991,-0.035,-0.089,0.977,0.671,-0.427
2025-10-05 17:32:53,760,20285,20244,0.993,-0.039,-0.086,0.916,0.793,-0.488
2025-10-05 17:32:53,779,20285,20244,0.992,-0.041,-0.083,0.977,0.916,-0.183
2025-10-05 17:32:53,798,20285,20244,0.993,-0.045,-0.084,0.671,1.404,-0.732
2025-10-05 17:32:53,817,20285,20244,0.996,-0.036,-0.089,0.916,1.709,-0.549
2025-10-05 17:32:53,836,20285,20244,0.994,-0.02,-0.084,1.282,1.953,-0.122
2025-10-05 17:32:53,855,20285,20244,0.995,-0.015,-0.077,1.099,2.197,-0.244
2025-10-05 17:32:53,874,20285,20244,0.993,-0.015,-0.075,1.709,2.014,-0.122
2025-10-05 17:32:53,893,20285,20244,0.992,-0.037,-0.081,1.282,2.197,-0.671
2025-10-05 17:32:53,912,20285,20244,0.999,-0.048,-0.078,0.916,2.563,-0.244
2025-10-05 17:32:53,931,20285,20244,0.998,-0.053,-0.08,0.244,2.808,-0.244
2025-10-05 17:32:53,950,20285,20244,0.989,-0.04,-0.083,-0.366,2.258,-0.183
2025-10-05 17:32:53,969,20285,20244,0.973,-0.025,-0.102,-0.427,2.258,-0.061
2025-10-05 17:32:53,988,20285,20244,0.983,-0.012,-0.109,-0.488,2.075,-0.183
2025-10-05 17:32:53,1007,20285,20244,0.984,-0.024,-0.129,-0.671,1.953,0.122
2025-10-05 17:32:54,19,20285,20244,0.977,-0.038,-0.15,-0.671,1.77,0
2025-10-05 17:32:54,38,20285,20244,0.982,-0.043,-0.179,-0.732,2.319,0.061
2025-10-05 17:32:54,57,20285,20244,1.105,-0.022,0.147,-1.404,1.831,1.343
2025-10-05 17:32:54,76,20285,20244,0.907,-0.009,0.038,-3.052,1.648,1.221
2025-10-05 17:32:54,95,20305,20244,0.934,0.001,-0.099,-1.953,1.953,0.732
2025-10-05 17:32:54,114,20285,20244,1.036,0.03,-0.043,-2.319,1.648,1.465
2025-10-05 17:32:54,133,20285,20244,1.069,-0.012,0.005,-1.709,1.648,0.305
2025-10-05 17:32:54,152,20285,20244,0.979,-0.022,-0.01,-1.526,0.061,0.793
2025-10-05 17:32:54,171,20285,20244,0.974,-0.046,-0.026,-1.404,-0.305,0.061
2025-10-05 17:32:54,190,20285,20244,0.996,-0.031,-0.01,-1.343,0,0.549
2025-10-05 17:32:54,209,20285,20244,0.996,-0.03,-0,-0.916,0.854,0.488
2025-10-05 17:32:54,228,20285,20244,1,-0.021,0.002,-0.793,0.488,0.61
2025-10-05 17:32:54,246,20285,20244,1.015,-0.028,0.016,-0.244,0.549,0.671
2025-10-05 17:32:54,266,20285,20244,0.998,-0.051,0.018,-0.244,-0.732,0.122
2025-10-05 17:32:54,285,20305,20244,0.989,-0.082,0.02,-0.488,-1.343,-0.488
2025-10-05 17:32:54,304,20285,20244,1.003,-0.1,0.023,-0.793,-0.549,-0.916
2025-10-05 17:32:54,323,20285,20244,1.015,-0.087,0.026,-1.16,-0.122,-1.221
2025-10-05 17:32:54,342,20305,20244,0.988,-0.063,0.013,-1.343,-0.549,-1.404
2025-10-05 17:32:54,361,20305,20244,0.992,-0.047,0.025,-1.404,-0.366,-1.526
2025-10-05 17:32:54,380,20305,20244,1.008,-0.021,0.044,-1.099,-0.671,-1.221
2025-10-05 17:32:54,399,20305,20244,0.987,-0.014,0.032,-0.549,-0.244,-2.014
2025-10-05 17:32:54,418,20305,20244,1.008,-0.014,0.027,-0.366,-0.061,-1.77
2025-10-05 17:32:54,437,20305,20244,0.997,-0.037,0.023,-0.427,0.122,-1.526
2025-10-05 17:32:54,456,20305,20244,0.971,-0.044,0.023,-0.732,-0.061,-2.258
2025-10-05 17:32:54,475,20285,20244,1.021,-0.033,0.017,-1.282,0.122,-1.404
2025-10-05 17:32:54,494,20285,20244,1.031,-0.014,0.018,-2.014,0,-1.648
2025-10-05 17:32:54,513,20285,20244,0.978,0.007,0.005,-2.991,0.671,-1.465
2025-10-05 17:32:54,532,20285,20264,0.998,0.025,0.022,-3.54,0.854,-1.465
2025-10-05 17:32:54,551,20285,20264,1.019,0.029,0.016,-3.723,0.488,-0.427
2025-10-05 17:32:54,570,20285,20264,1.005,0.009,0.012,-3.906,1.16,-0.244
2025-10-05 17:32:54,589,20285,20264,1.004,-0.001,0.024,-4.517,0.244,0.183
2025-10-05 17:32:54,608,20285,20264,0.999,-0.007,0.018,-5.005,-0.244,0.977
2025-10-05 17:32:54,627,20285,20264,0.993,-0.017,0.014,-5.127,0.305,0.671
2025-10-05 17:32:54,646,20285,20264,0.989,-0.027,0.007,-5.493,1.221,0.732
2025-10-05 17:32:54,665,20285,20264,1.019,-0.018,0.03,-6.104,-0.732,1.16
2025-10-05 17:32:54,684,20285,20264,1.008,-0.036,0.011,-6.592,0.854,0.732
2025-10-05 17:32:54,703,20285,20264,0.99,-0.039,0.019,-7.08,0.183,-0.061
2025-10-05 17:32:54,722,20285,20264,0.984,-0.022,0.004,-6.958,-0.61,1.16
2025-10-05 17:32:54,741,20285,20264,1.01,-0.033,-0.002,-7.141,-2.014,0.061
2025-10-05 17:32:54,760,20285,20244,1.005,0.001,0.001,-7.019,-1.343,0.488
2025-10-05 17:32:54,779,20285,20264,0.972,-0.018,-0.003,-6.348,-1.038,1.526
2025-10-05 17:32:54,798,20285,20264,1.055,-0.011,0.047,-5.981,1.77,-0.061
2025-10-05 17:32:54,817,20285,20264,0.985,-0.035,-0.014,-4.944,1.709,1.587
2025-10-05 17:32:54,836,20285,20264,0.993,-0.043,-0.036,-5.066,-1.77,0
2025-10-05 17:32:54,855,20285,20244,1.002,-0.043,0.014,-5.249,-0.183,0.977
2025-10-05 17:32:54,874,20285,20264,0.988,-0.044,-0.019,-5.798,-1.099,-0.366
2025-10-05 17:32:54,893,20285,20264,1.022,-0.025,0.001,-6.287,0,0.732
2025-10-05 17:32:54,912,20285,20264,0.991,-0.032,-0.016,-6.47,-1.038,-0.061
2025-10-05 17:32:54,931,20305,20264,1.021,-0.007,-0.028,-6.836,-2.502,0.366
2025-10-05 17:32:54,950,20285,20264,0.978,-0.011,-0.057,-6.775,-3.662,0.183
2025-10-05 17:32:54,969,20305,20264,0.955,-0.009,-0.051,-6.775,-1.526,-0.183
2025-10-05 17:32:54,988,20285,20264,1.007,-0.011,-0.044,-6.775,1.709,0.61
2025-10-05 17:32:55,19,20285,20264,0.981,-0.002,0.007,-6.47,-1.465,0
2025-10-05 17:32:55,38,20285,20264,1.061,-0.027,0.019,-6.47,2.93,0.61
2025-10-05 17:32:55,57,20285,20264,0.963,0.008,-0.042,-6.165,3.296,-0.427
2025-10-05 17:32:55,76,20285,20264,0.994,-0.061,-0.07,-5.493,-0.061,-0.305
2025-10-05 17:32:55,95,20285,20264,0.993,-0.007,-0.064,-5.859,-3.662,0.061
2025-10-05 17:32:55,114,20285,20264,0.985,-0.059,-0.041,-5.676,-0.061,-1.282
2025-10-05 17:32:55,133,20285,20264,0.986,-0.036,-0.031,-6.226,2.563,-0.305
2025-10-05 17:32:55,152,20285,20264,0.984,-0.059,-0.003,-6.104,2.625,-1.526
2025-10-05 17:32:55,171,20285,20264,1.027,-0.01,-0.004,-6.531,-0.977,-0.183
2025-10-05 17:32:55,190,20285,20264,0.978,-0.013,-0.111,-7.202,-7.141,-0.305
2025-10-05 17:32:55,209,20285,20264,0.967,0.009,-0.124,-8.057,-1.282,-0.916
2025-10-05 17:32:55,227,20285,20264,1.006,0.002,-0.047,-7.568,6.958,-0.244
2025-10-05 17:32:55,247,20285,20264,1.043,0.007,-0.074,-6.592,-0.793,-0.305
2025-10-05 17:32:55,266,20305,20264,0.985,0.004,-0.087,-5.127,-6.042,0.305
2025-10-05 17:32:55,285,20285,20264,0.928,-0.002,-0.191,-4.517,-3.479,-0.305
2025-10-05 17:32:55,304,20285,20264,0.99,0.007,-0.135,-4.272,-5.981,0.183
2025-10-05 17:32:55,323,20285,20264,0.999,0.003,-0.058,-3.967,-3.54,0.61
2025-10-05 17:32:55,341,20305,20264,1.05,-0.021,-0.093,-4.028,7.507,0.366
2025-10-05 17:32:55,361,20285,20264,0.998,-0.017,-0.13,-3.723,6.653,1.038
2025-10-05 17:32:55,380,20305,20264,0.885,-0.027,-0.167,-3.662,-4.639,0.671
2025-10-05 17:32:55,399,20305,20264,1.007,-0.042,-0.062,-3.906,-4.944,0.916
2025-10-05 17:32:55,418,20305,20264,0.901,-0.036,-0.159,-3.601,-6.897,0.427
2025-10-05 17:32:55,437,20285,20264,0.968,-0.039,-0.128,-3.113,0.549,0.305
2025-10-05 17:32:55,456,20285,20264,0.969,-0.003,-0.097,-2.869,5.31,1.465
2025-10-05 17:32:55,474,20285,20264,1.031,0.003,-0.083,-2.747,2.869,0.122
2025-10-05 17:32:55,494,20305,20264,1.041,-0.008,-0.086,-2.197,-3.296,0.183
2025-10-05 17:32:55,513,20305,20264,0.95,-0.047,-0.174,-2.075,-5.127,0.488
2025-10-05 17:32:55,532,20305,20264,0.962,-0.066,-0.122,-2.319,0.732,0
2025-10-05 17:32:55,551,20305,20244,1.024,-0.062,-0.032,-2.625,-2.747,-0.488
2025-10-05 17:32:55,570,20285,20264,1.013,-0.042,-0.083,-2.747,3.479,-0.793
2025-10-05 17:32:55,589,20285,20264,1.01,-0.029,-0.093,-1.953,3.235,-0.916
2025-10-05 17:32:55,608,20285,20264,0.945,0.009,-0.154,-0.854,-2.93,-0.122
2025-10-05 17:32:55,627,20305,20264,0.979,0.017,-0.14,-0.122,-1.404,-1.038
2025-10-05 17:32:55,646,20305,20264,1.073,-0.027,-0.051,0.854,2.38,-1.16
2025-10-05 17:32:55,665,20285,20264,0.985,-0.038,-0.131,1.221,1.404,-1.404
2025-10-05 17:32:55,684,20285,20264,1.014,-0.074,-0.066,1.587,3.296,-1.343
2025-10-05 17:32:55,703,20285,20264,0.957,-0.066,-0.116,1.221,0.61,-0.671
2025-10-05 17:32:55,722,20285,20264,1.001,-0.052,-0.087,0.488,2.502,-2.197
2025-10-05 17:32:55,740,20305,20264,1.006,-0.036,-0.08,0.488,1.648,-2.38
2025-10-05 17:32:55,760,20305,20264,0.962,0,-0.151,0.793,-0.671,-1.404
2025-10-05 17:32:55,779,20305,20264,1.01,-0.021,-0.078,0.977,4.272,-2.38
2025-10-05 17:32:55,798,20305,20264,1.006,-0.018,-0.065,0.183,3.845,-0.977
2025-10-05 17:32:55,817,20285,20264,0.985,-0.027,-0.085,-0.916,9.216,-2.319
2025-10-05 17:32:55,836,20285,20264,0.946,-0.057,-0.139,-2.197,0.732,-1.404
2025-10-05 17:32:55,855,20285,20264,0.99,-0.021,-0.121,-3.601,-4.456,-0.793
2025-10-05 17:32:55,874,20285,20264,1.077,-0.002,-0.039,-4.7,3.662,-0.916
2025-10-05 17:32:55,892,20285,20264,1.002,0.035,-0.054,-5.554,12.024,-0.671
2025-10-05 17:32:55,912,20285,20264,0.951,0.06,-0.152,-6.042,4.517,-0.366
2025-10-05 17:32:55,931,20285,20264,1.007,0.063,-0.044,-5.981,6.714,0.183
2025-10-05 17:32:55,950,20285,20264,1.023,0.054,-0.094,-5.493,-3.662,0.427
2025-10-05 17:32:55,969,20285,20264,0.901,0.017,-0.15,-5.737,-1.587,1.465
2025-10-05 17:32:55,988,20285,20264,0.993,-0.008,-0.091,-6.287,4.761,0
2025-10-05 17:32:55,1007,20285,20264,1.046,-0.046,-0.038,-7.08,2.625,1.282
2025-10-05 17:32:56,19,20285,20264,0.935,-0.038,-0.076,-7.568,0.122,0.305
2025-10-05 17:32:56,38,20285,20264,1.018,-0.024,-0.047,-7.69,0.61,0.427
2025-10-05 17:32:56,57,20285,20264,0.961,0.009,-0.079,-7.874,1.099,0.793
2025-10-05 17:32:56,76,20285,20264,1.01,0.012,-0.059,-7.629,1.16,0
2025-10-05 17:32:56,95,20285,20264,1.005,0.001,-0.049,-7.935,-0.61,1.282
2025-10-05 17:32:56,114,20285,20264,0.958,0.011,-0.063,-7.935,-0.488,0.183
2025-10-05 17:32:56,133,20285,20264,1.039,-0.021,-0.015,-7.874,-3.113,1.16
2025-10-05 17:32:56,152,20285,20264,1.006,0.001,-0.017,-8.362,0.916,1.404
2025-10-05 17:32:56,171,20285,20264,0.977,-0.026,-0.077,-8.24,-1.16,0.916
2025-10-05 17:32:56,190,20285,20264,1.027,0.016,0.017,-8.911,4.456,1.526
2025-10-05 17:32:56,209,20285,20264,1.029,-0.023,0.021,-8.545,4.395,1.099
2025-10-05 17:32:56,227,20285,20264,0.991,-0.003,0.02,-8.85,0.977,1.465
2025-10-05 17:32:56,247,20285,20264,0.946,-0.006,-0.082,-8.789,-7.935,1.709
2025-10-05 17:32:56,266,20285,20264,0.999,0.008,-0.063,-9.705,1.404,1.587
2025-10-05 17:32:56,285,20285,20264,0.994,0.011,-0.024,-9.216,6.592,1.465
2025-10-05 17:32:56,304,20285,20264,1.038,0.002,0.031,-9.521,6.897,1.77
2025-10-05 17:32:56,323,20285,20264,0.971,0.009,-0.051,-9.338,3.296,1.16
2025-10-05 17:32:56,341,20285,20264,0.991,-0.003,-0.012,-9.216,-7.141,1.648
2025-10-05 17:32:56,361,20285,20264,0.947,-0.042,-0.067,-9.583,0.977,0.427
2025-10-05 17:32:56,380,20285,20264,1.036,-0.013,0.002,-10.071,1.099,1.953
2025-10-05 17:32:56,398,20285,20264,1.043,0.013,0.009,-9.949,2.197,2.136
2025-10-05 17:32:56,418,20285,20264,1,0.039,-0,-9.216,0.732,1.709
2025-10-05 17:32:56,437,20285,20264,1.04,0.005,0.053,-8.728,3.113,1.038
2025-10-05 17:32:56,456,20285,20264,0.997,-0.011,0.033,-8.484,-3.723,1.77
2025-10-05 17:32:56,475,20285,20264,0.995,-0.012,-0.05,-8.85,-0.732,1.831
2025-10-05 17:32:56,494,20285,20264,0.992,-0.014,-0.07,-9.277,-1.892,1.709
2025-10-05 17:32:56,513,20285,20264,0.964,-0.042,-0.039,-8.789,2.441,0
2025-10-05 17:32:56,532,20285,20264,0.993,-0.036,0.017,-8.911,-1.587,1.099
2025-10-05 17:32:56,551,20285,20264,1.023,-0.024,-0.03,-9.155,-1.526,0.61
2025-10-05 17:32:56,570,20285,20264,1.037,0.014,-0.035,-9.094,-2.014,0.916
2025-10-05 17:32:56,589,20285,20264,1.007,0.014,-0.076,-8.24,-1.587,1.16
2025-10-05 17:32:56,608,20285,20264,0.983,0.024,-0.071,-6.409,-2.93,1.038
2025-10-05 17:32:56,627,20285,20264,0.952,-0.007,-0.094,-5.615,-0.488,0.427
2025-10-05 17:32:56,646,20285,20264,0.99,-0.026,-0.066,-6.165,-0.549,0.183
2025-10-05 17:32:56,665,20285,20264,1.021,-0.062,-0.048,-6.409,0.122,0.122
2025-10-05 17:32:56,683,20285,20264,0.992,-0.064,-0.099,-7.141,-0.732,0.549
2025-10-05 17:32:56,703,20285,20264,1.007,-0.048,-0.101,-8.118,-1.038,0
2025-10-05 17:32:56,722,20285,20264,1.003,-0.025,-0.101,-8.911,-0.732,-0.427
2025-10-05 17:32:56,741,20285,20264,1.005,0.008,-0.083,-9.094,-0.793,0
2025-10-05 17:32:56,760,20285,20264,0.977,0.041,-0.085,-7.69,-0.122,-0.549
2025-10-05 17:32:56,779,20285,20264,0.956,0.072,-0.125,-7.141,-0.183,0.977
2025-10-05 17:32:56,798,20285,20264,0.981,0.044,-0.127,-7.812,-1.16,1.648
2025-10-05 17:32:56,816,20285,20264,1.044,-0.001,-0.064,-7.751,1.282,1.648
2025-10-05 17:32:56,836,20285,20264,0.994,-0.05,-0.062,-7.751,-1.648,1.221
2025-10-05 17:32:56,855,20285,20264,0.969,-0.061,-0.144,-8.179,-2.991,0.854
2025-10-05 17:32:56,874,20285,20264,0.942,-0.039,-0.197,-8.423,-0.732,0.793
2025-10-05 17:32:56,893,20285,20264,0.984,0.004,-0.137,-9.094,0.977,0.549
2025-10-05 17:32:56,912,20285,20264,1.011,0.041,-0.077,-8.057,-0.732,1.526
2025-10-05 17:32:56,931,20285,20264,1.017,0.04,-0.073,-6.897,-0.977,0.854
2025-10-05 17:32:56,950,20305,20264,0.975,0.002,-0.162,-5.554,-2.747,-0.305
2025-10-05 17:32:56,969,20285,20264,1.015,-0.023,-0.106,-5.493,1.587,0.671
2025-10-05 17:32:56,988,20285,20264,1.032,-0.049,-0.055,-4.944,2.136,0.366
2025-10-05 17:32:57,19,20285,20264,0.986,-0.048,-0.1,-5.31,-0.61,0.793
2025-10-05 17:32:57,38,20285,20264,0.956,-0.062,-0.155,-4.639,-1.465,-0.671
2025-10-05 17:32:57,56,20285,20264,0.971,-0.039,-0.141,-4.517,-1.587,-1.221
2025-10-05 17:32:57,76,20285,20264,0.981,-0.023,-0.085,-3.723,0.061,-0.488
2025-10-05 17:32:57,95,20285,20264,0.984,0.035,-0.075,-3.479,-0.854,0.977
2025-10-05 17:32:57,114,20285,20264,1.008,0.022,-0.111,-2.38,1.099,-0.305
2025-10-05 17:32:57,133,20285,20264,1.002,-0.015,-0.127,-2.686,-1.099,-0.61
2025-10-05 17:32:57,152,20285,20264,0.968,-0.081,-0.131,-2.502,2.075,-0.671
2025-10-05 17:32:57,170,20285,20264,0.986,-0.08,-0.11,-3.357,-1.587,0.366
2025-10-05 17:32:57,190,20285,20264,0.988,-0.051,-0.079,-3.601,-0.183,-0.305
2025-10-05 17:32:57,209,20285,20264,1.012,-0.025,-0.054,-3.906,2.38,-1.77
2025-10-05 17:32:57,227,20285,20264,0.952,-0.035,-0.129,-2.93,1.587,-1.831
2025-10-05 17:32:57,247,20285,20264,0.988,-0.014,-0.085,-2.93,0.366,-0.427
2025-10-05 17:32:57,266,20305,20264,1.043,-0.004,-0.064,-3.479,3.296,-0.977
2025-10-05 17:32:57,285,20285,20264,0.997,-0.029,-0.126,-3.479,0.916,-1.648
2025-10-05 17:32:57,304,20285,20264,0.958,-0.026,-0.187,-3.479,1.709,-1.404
2025-10-05 17:32:57,323,20285,20264,0.948,-0.015,-0.182,-4.028,2.136,-1.465
2025-10-05 17:32:57,341,20285,20264,1.005,-0.001,-0.154,-4.395,3.113,-1.709
2025-10-05 17:32:57,361,20285,20264,1.031,-0.005,-0.143,-4.761,3.845,-0.854
2025-10-05 17:32:57,380,20285,20264,1.043,0.012,-0.092,-5.31,2.808,-0.183
2025-10-05 17:32:57,399,20285,20264,0.958,0.028,-0.038,-6.165,3.235,-0.122
2025-10-05 17:32:57,418,20285,20264,0.86,0.003,-0.171,-7.202,3.052,-0.916
2025-10-05 17:32:57,437,20285,20264,1.022,-0.032,-0.143,-7.629,2.075,-0.366
2025-10-05 17:32:57,455,20285,20264,1.04,-0.021,-0.123,-8.85,0.366,0.061
2025-10-05 17:32:57,475,20285,20264,0.994,-0.028,-0.147,-9.521,-0.488,0.244
2025-10-05 17:32:57,494,20285,20264,0.938,0.014,-0.124,-10.803,1.465,0.244
2025-10-05 17:32:57,513,20285,20264,0.977,0.044,-0.1,-11.902,-0.488,0.854
2025-10-05 17:32:57,532,20285,20264,1.014,0.056,-0.055,-12.939,1.77,1.343
2025-10-05 17:32:57,550,20285,20264,1,0.069,-0.044,-13.489,-1.282,2.991
2025-10-05 17:32:57,570,20285,20264,0.955,0.072,-0.119,-13.977,-4.211,3.357
2025-10-05 17:32:57,589,20285,20264,1.021,0.066,-0.112,-13.428,-1.099,3.723
2025-10-05 17:32:57,608,20285,20264,1.04,0.06,-0.125,-13.184,-2.563,4.089
2025-10-05 17:32:57,627,20285,20264,1.04,0.018,-0.078,-12.329,2.93,3.662
2025-10-05 17:32:57,646,20285,20264,0.952,-0.012,-0.098,-12.207,-2.441,4.517
2025-10-05 17:32:57,665,20285,20264,0.972,-0.023,-0.059,-12.39,-6.409,4.211
2025-10-05 17:32:57,684,20285,20264,0.976,-0.013,-0.123,-11.719,1.221,3.906
2025-10-05 17:32:57,703,20285,20264,1.015,-0.004,-0.084,-10.498,0.916,4.272
2025-10-05 17:32:57,722,20285,20264,1.011,0.021,-0.072,-9.705,-3.052,4.333
2025-10-05 17:32:57,741,20285,20264,0.967,0.027,-0.076,-8.545,-3.906,4.7
2025-10-05 17:32:57,760,20305,20264,0.962,0.001,-0.06,-6.47,2.38,3.601
2025-10-05 17:32:57,779,20285,20264,0.987,-0.031,-0.025,-4.639,0.916,2.93
2025-10-05 17:32:57,798,20305,20264,0.981,-0.056,-0.04,-3.052,-1.465,2.808
2025-10-05 17:32:57,817,20285,20264,0.964,-0.082,-0.069,-0.793,0.122,2.502
2025-10-05 17:32:57,835,20285,20264,1.004,-0.076,-0.045,0.305,1.282,1.953
2025-10-05 17:32:57,855,20285,20264,0.985,-0.08,-0.061,1.77,0.061,1.282
2025-10-05 17:32:57,874,20285,20264,0.968,-0.062,-0.064,4.517,1.16,1.099
2025-10-05 17:32:57,893,20285,20264,0.969,-0.062,-0.1,6.653,0.793,-0.061
2025-10-05 17:32:57,911,20305,20285,1.003,-0.058,-0.098,9.46,-0.671,0.366
2025-10-05 17:32:57,931,20305,20285,1.012,-0.104,-0.078,11.292,1.648,-2.075
2025-10-05 17:32:57,950,20305,20264,1.033,-0.102,-0.033,13,-0.122,-1.282
2025-10-05 17:32:57,969,20305,20264,1.008,-0.147,-0.07,13.489,0.366,-2.563
2025-10-05 17:32:57,988,20285,20264,1.031,-0.132,-0.082,13.55,1.282,-3.784
2025-10-05 17:32:57,1007,20285,20264,1.012,-0.091,-0.115,13.428,-1.587,-2.197
2025-10-05 17:32:58,18,20285,20264,0.986,-0.085,-0.125,13.672,0,-2.869
2025-10-05 17:32:58,38,20285,20264,0.982,-0.039,-0.113,13.855,-1.831,-2.563
2025-10-05 17:32:58,57,20285,20264,0.977,-0.035,-0.129,14.648,0.366,-2.075
2025-10-05 17:32:58,76,20285,20264,0.998,-0.037,-0.084,15.32,0.427,-1.526
2025-10-05 17:32:58,95,20285,20264,0.976,-0.053,-0.097,16.113,-0.793,-1.709
2025-10-05 17:32:58,114,20305,20264,1.01,-0.052,-0.112,15.564,0.732,-1.221
2025-10-05 17:32:58,133,20285,20264,0.968,-0.072,-0.144,15.747,-1.282,-1.831
2025-10-05 17:32:58,152,20285,20264,0.977,-0.089,-0.118,15.869,-3.479,-1.831
2025-10-05 17:32:58,171,20305,20264,0.975,-0.08,-0.062,14.404,0.916,-0.977
2025-10-05 17:32:58,190,20305,20264,0.971,-0.057,-0.057,13.489,-1.526,-1.831
2025-10-05 17:32:58,209,20285,20264,0.975,-0.079,-0.097,13.611,0.977,-1.892
2025-10-05 17:32:58,228,20305,20264,0.991,-0.065,-0.124,12.695,-0.488,-1.709
2025-10-05 17:32:58,247,20305,20264,0.986,-0.065,-0.092,12.512,0.977,-2.258
2025-10-05 17:32:58,265,20305,20264,1.008,-0.067,-0.108,12.512,-3.601,-1.404
2025-10-05 17:32:58,285,20285,20264,1.024,-0.066,-0.108,12.573,-0.305,-1.709
2025-10-05 17:32:58,304,20305,20264,0.998,-0.046,-0.094,11.963,1.709,-1.953
2025-10-05 17:32:58,323,20305,20264,0.995,-0.066,-0.09,11.536,-0.427,-2.808
2025-10-05 17:32:58,342,20285,20264,0.982,-0.045,-0.089,10.986,-1.587,-1.587
2025-10-05 17:32:58,361,20285,20264,1.023,-0.042,-0.075,10.132,0.977,-1.709
2025-10-05 17:32:58,380,20305,20264,0.989,-0.045,-0.08,10.376,0,-2.136
2025-10-05 17:32:58,399,20305,20264,0.984,-0.059,-0.1,9.949,3.052,-2.014
2025-10-05 17:32:58,418,20305,20264,0.972,-0.054,-0.152,10.62,-1.465,-1.892
2025-10-05 17:32:58,436,20285,20264,0.968,-0.062,-0.14,11.292,0.427,-1.892
2025-10-05 17:32:58,456,20305,20264,0.993,-0.064,-0.11,10.803,1.282,-2.075
2025-10-05 17:32:58,475,20305,20264,1.003,-0.07,-0.106,11.23,0.61,-2.563
2025-10-05 17:32:58,494,20305,20264,0.967,-0.076,-0.116,11.658,0.671,-2.075
2025-10-05 17:32:58,513,20305,20264,0.985,-0.06,-0.102,11.536,0.671,-2.38
2025-10-05 17:32:58,532,20285,20264,0.986,-0.046,-0.097,11.169,1.587,-3.235
2025-10-05 17:32:58,551,20285,20264,0.979,-0.037,-0.109,11.292,3.601,-2.38
2025-10-05 17:32:58,570,20285,20264,1.026,-0.053,-0.091,12.268,-0.244,-3.235
2025-10-05 17:32:58,589,20305,20264,0.979,-0.002,-0.154,11.78,-1.465,-1.221
2025-10-05 17:32:58,608,20305,20264,0.975,-0.02,-0.135,12.085,3.052,-1.526
2025-10-05 17:32:58,627,20305,20264,0.994,-0.015,-0.083,12.268,2.869,-1.77
2025-10-05 17:32:58,646,20305,20264,1.092,0.075,-0.169,15.869,4.211,-0.61
2025-10-05 17:32:58,665,20305,20264,0.949,-0.031,-0.133,15.32,9.583,1.648
2025-10-05 17:32:58,684,20305,20264,0.682,-0.149,-0.258,15.381,-5.493,-1.465
2025-10-05 17:32:58,703,20305,20264,0.989,-0.156,-0.144,13.062,-13.55,1.16
2025-10-05 17:32:58,722,20285,20264,1.222,-0.091,0.053,12.024,5.066,-0.793
2025-10-05 17:32:58,741,20305,20264,1.129,-0.007,0.016,12.634,22.461,-1.892
2025-10-05 17:32:58,760,20305,20264,0.951,0.048,-0.219,14.343,12.512,0.061
2025-10-05 17:32:58,779,20285,20264,1.031,0.07,-0.042,16.357,15.991,-0.671
2025-10-05 17:32:58,798,20285,20264,1.036,-0.002,-0.078,18.127,-0.793,0.671
2025-10-05 17:32:58,817,20305,20264,0.961,-0.073,-0.136,19.165,-3.54,0.61
2025-10-05 17:32:58,836,20305,20264,0.913,-0.162,-0.165,18.555,1.465,0.122
2025-10-05 17:32:58,855,20305,20264,1.073,-0.162,0.016,18.311,8.179,-1.282
2025-10-05 17:32:58,874,20305,20264,0.927,-0.133,-0.051,19.165,5.371,-1.16
2025-10-05 17:32:58,893,20305,20264,0.956,-0.098,-0.121,19.897,5.493,-1.404
2025-10-05 17:32:58,912,20305,20264,1.055,-0.023,-0.187,21.423,1.465,-1.16
2025-10-05 17:32:58,931,20305,20264,1.019,-0.036,-0.168,23.621,0.061,-1.831
2025-10-05 17:32:58,950,20285,20264,0.936,-0.044,-0.134,25.391,-0.366,-1.282
2025-10-05 17:32:58,969,20305,20264,0.952,-0.099,-0.042,27.405,-1.038,-2.197
2025-10-05 17:32:58,988,20305,20264,1.008,-0.145,-0.03,27.832,1.465,-1.587
2025-10-05 17:32:58,1007,20305,20264,1.035,-0.163,-0.069,28.748,2.441,-2.502
2025-10-05 17:32:59,18,20305,20264,0.997,-0.146,-0.096,28.076,0.488,-1.892
2025-10-05 17:32:59,37,20305,20264,0.979,-0.15,-0.088,29.114,0,-3.54
2025-10-05 17:32:59,56,20305,20264,1.009,-0.082,-0.066,29.114,0.732,-2.869
2025-10-05 17:32:59,75,20285,20264,0.993,-0.056,-0.062,30.334,-0.671,-3.235
2025-10-05 17:32:59,94,20305,20264,0.977,-0.044,-0.054,30.762,-0.854,-2.93
2025-10-05 17:32:59,113,20305,20264,0.992,-0.049,-0.065,31.006,-1.526,-3.174
2025-10-05 17:32:59,132,20305,20264,0.982,-0.125,-0.028,30.945,-0.793,-2.625
2025-10-05 17:32:59,151,20305,20264,1.01,-0.096,-0.055,30.273,-1.77,-3.174
2025-10-05 17:32:59,170,20305,20264,0.993,-0.135,-0.043,29.053,0.061,-2.319
2025-10-05 17:32:59,189,20305,20264,1.012,-0.044,-0.021,27.466,-2.93,-2.136
2025-10-05 17:32:59,208,20305,20264,0.98,-0.059,-0.003,28.015,0.244,-2.625
2025-10-05 17:32:59,227,20305,20264,1.013,-0.023,-0.013,27.954,0.427,-2.991
2025-10-05 17:32:59,246,20285,20264,1.001,-0.064,-0.049,27.405,-3.418,-2.014
2025-10-05 17:32:59,265,20305,20264,1.006,-0.024,-0.049,26.917,-1.709,-2.014
2025-10-05 17:32:59,284,20285,20264,0.996,-0.094,-0.04,26.306,-1.587,-2.014
2025-10-05 17:32:59,303,20305,20264,1.03,-0.084,-0.062,26.306,0.183,-1.709
2025-10-05 17:32:59,322,20305,20264,1.016,-0.107,-0.08,27.222,-0.977,-2.197
2025-10-05 17:32:59,341,20305,20264,0.922,-0.055,-0.084,26.428,-5.31,-1.709
2025-10-05 17:32:59,360,20305,20264,0.928,-0.075,-0.099,26.001,-4.944,-3.479
2025-10-05 17:32:59,379,20285,20264,1.021,-0.098,-0.093,24.292,-2.075,-3.113
2025-10-05 17:32:59,398,20305,20264,1.025,-0.126,-0.06,23.621,-4.7,-2.441
2025-10-05 17:32:59,417,20305,20264,1.021,-0.104,-0.052,21.362,-2.38,-0.977
2025-10-05 17:32:59,436,20305,20264,0.992,-0.054,-0.103,20.63,-0.549,-1.77
2025-10-05 17:32:59,455,20305,20264,0.991,-0.021,-0.119,21.24,-1.709,-2.38
2025-10-05 17:32:59,474,20305,20264,0.977,-0.013,-0.099,23.071,-7.69,-2.075
2025-10-05 17:32:59,493,20305,20264,0.988,-0.073,-0.038,24.109,-7.629,-2.93
2025-10-05 17:32:59,512,20305,20264,0.98,-0.111,-0.025,23.01,-2.258,-2.014
2025-10-05 17:32:59,531,20305,20264,0.949,-0.13,-0.09,22.034,-3.601,-2.991
2025-10-05 17:32:59,550,20305,20264,1.039,-0.132,-0.059,19.897,1.038,-2.136
2025-10-05 17:32:59,569,20305,20264,1.04,-0.123,-0.091,18.066,-1.221,-2.014
2025-10-05 17:32:59,588,20305,20264,0.97,-0.07,-0.152,15.686,-7.507,-2.686
2025-10-05 17:32:59,607,20305,20264,0.982,0.01,-0.122,13.855,-5.676,-1.892
2025-10-05 17:32:59,626,20305,20264,0.975,0.027,-0.053,13.184,-0.549,-2.075
2025-10-05 17:32:59,645,20285,20264,1.008,0.041,-0.045,12.695,1.404,-1.099
2025-10-05 17:32:59,664,20305,20264,1.019,0.012,-0.078,12.634,1.038,-0.61
2025-10-05 17:32:59,683,20305,20264,0.961,-0.042,-0.118,11.902,0.122,-0.916
2025-10-05 17:32:59,702,20305,20264,0.989,-0.089,-0.098,10.62,-4.028,0.305
2025-10-05 17:32:59,721,20305,20264,0.986,-0.099,-0.099,8.606,-2.075,0.427
2025-10-05 17:32:59,739,20305,20264,0.972,-0.101,-0.152,5.737,-2.136,-0.488
2025-10-05 17:32:59,759,20305,20264,1.015,-0.031,-0.108,4.333,0.671,-0.366
2025-10-05 17:32:59,778,20305,20264,0.96,-0.038,-0.157,3.54,-0.122,-0.122
2025-10-05 17:32:59,796,20305,20264,0.986,0.004,-0.113,4.272,1.831,-0.732
2025-10-05 17:32:59,816,20305,20264,1.014,0.031,-0.07,4.089,0.549,-0.854
2025-10-05 17:32:59,835,20305,20264,0.977,-0.017,-0.118,5.066,-3.479,-0.854
2025-10-05 17:32:59,854,20305,20264,0.968,-0.02,-0.136,4.822,1.221,0.183
2025-10-05 17:32:59,873,20305,20264,1.006,-0.054,-0.097,4.944,1.16,-0.671
2025-10-05 17:32:59,892,20305,20264,1.015,-0.06,-0.074,4.028,4.211,-0.977
2025-10-05 17:32:59,911,20305,20264,1.01,-0.065,-0.097,4.089,5.31,-0.854
2025-10-05 17:32:59,930,20305,20264,0.965,-0.042,-0.146,3.845,3.357,-1.16
2025-10-05 17:32:59,949,20305,20264,1.012,-0.021,-0.096,4.15,1.099,-0.488
2025-10-05 17:32:59,968,20305,20264,0.983,-0.004,-0.1,5.92,1.526,-0.305
2025-10-05 17:32:59,987,20305,20264,0.957,0.009,-0.141,6.592,-3.54,-0.366
2025-10-05 17:33:00,17,20305,20264,0.978,-0.038,-0.13,8.301,4.456,-0.671
2025-10-05 17:33:00,37,20305,20264,1.004,-0.04,-0.099,9.033,1.709,-0.549
2025-10-05 17:33:00,56,20305,20264,0.982,-0.065,-0.133,8.789,2.319,-0.488
2025-10-05 17:33:00,75,20305,20264,1.017,-0.063,-0.091,8.423,4.883,-0.671
2025-10-05 17:33:00,94,20305,20264,0.996,-0.065,-0.097,9.277,3.174,-0.488
2025-10-05 17:33:00,113,20305,20244,1.002,-0.029,-0.127,9.705,4.211,0.061
2025-10-05 17:33:00,132,20305,20264,0.996,0.004,-0.125,10.681,0.916,0.366
2025-10-05 17:33:00,150,20305,20244,0.976,-0.012,-0.123,12.146,2.38,0.366
2025-10-05 17:33:00,170,20305,20244,1.016,-0.031,-0.094,13.184,2.93,0.732
2025-10-05 17:33:00,189,20305,20264,0.997,-0.056,-0.089,15.076,4.883,0.244
2025-10-05 17:33:00,207,20305,20264,0.974,-0.097,-0.09,15.686,2.136,0.488
2025-10-05 17:33:00,227,20305,20244,1,-0.096,-0.122,16.174,3.052,0.732
2025-10-05 17:33:00,246,20305,20264,0.998,-0.112,-0.121,17.212,3.418,-0.549
2025-10-05 17:33:00,265,20305,20244,0.973,-0.096,-0.133,17.212,1.282,-0.671
2025-10-05 17:33:00,284,20305,20244,0.965,-0.074,-0.111,18.555,-2.563,-1.099
2025-10-05 17:33:00,303,20305,20244,0.988,-0.062,-0.095,18.494,-0.916,-1.099
2025-10-05 17:33:00,322,20305,20264,0.962,-0.074,-0.105,20.02,-1.221,-1.709
2025-10-05 17:33:00,341,20305,20264,0.966,-0.067,-0.114,20.02,-0.854,-1.587
2025-10-05 17:33:00,360,20305,20244,0.987,-0.103,-0.097,20.691,2.441,-3.052
2025-10-05 17:33:00,379,20305,20244,1.021,-0.105,-0.052,20.691,0.916,-2.38
2025-10-05 17:33:00,398,20305,20264,0.968,-0.09,-0.083,20.508,-0.793,-2.93
2025-10-05 17:33:00,417,20305,20244,0.992,-0.083,-0.076,20.813,-3.174,-2.625
2025-10-05 17:33:00,436,20305,20244,1.002,-0.039,-0.07,20.63,-3.601,-2.319
2025-10-05 17:33:00,455,20305,20244,1,-0.052,-0.077,20.996,0.732,-2.808
2025-10-05 17:33:00,474,20305,20244,1.01,-0.038,-0.069,20.752,-3.296,-2.686
2025-10-05 17:33:00,493,20305,20244,1.009,-0.095,-0.037,20.935,-0.244,-2.686
2025-10-05 17:33:00,511,20305,20244,0.98,-0.067,-0.07,20.142,-1.587,-2.319
2025-10-05 17:33:00,531,20305,20244,0.981,-0.076,-0.057,19.836,0.061,-3.235
2025-10-05 17:33:00,550,20305,20244,1.01,-0.051,-0.073,19.226,-0.122,-2.808
2025-10-05 17:33:00,569,20305,20244,0.98,-0.072,-0.047,19.348,0,-3.052
2025-10-05 17:33:00,588,20305,20244,0.994,-0.023,-0.047,19.043,-0.061,-2.808
2025-10-05 17:33:00,607,20305,20244,1.022,-0.054,-0.024,19.47,0.793,-2.747
2025-10-05 17:33:00,626,20305,20244,0.986,-0.029,-0.053,19.409,-1.282,-2.075
2025-10-05 17:33:00,644,20305,20244,1,-0.049,-0.058,19.531,-1.16,-2.014
2025-10-05 17:33:00,664,20305,20244,0.987,-0.044,-0.068,18.799,-1.404,-2.441
2025-10-05 17:33:00,682,20305,20244,0.997,-0.078,-0.047,19.043,-1.465,-2.502
2025-10-05 17:33:00,702,20305,20244,0.969,-0.079,-0.049,18.372,-3.113,-2.258
2025-10-05 17:33:00,721,20305,20244,1.034,-0.082,-0.034,17.883,-0.366,-2.136
2025-10-05 17:33:00,739,20305,20244,0.994,-0.059,-0.064,17.334,1.831,-2.991
2025-10-05 17:33:00,759,20305,20244,0.998,-0.049,-0.073,17.212,1.038,-2.502
2025-10-05 17:33:00,778,20305,20244,0.963,-0.037,-0.092,17.334,-2.686,-2.563
2025-10-05 17:33:00,797,20305,20244,0.966,-0.034,-0.086,16.418,-5.066,-2.014
2025-10-05 17:33:00,816,20305,20244,0.999,-0.031,-0.062,16.724,-4.333,-2.258
2025-10-05 17:33:00,835,20305,20244,0.941,-0.047,-0.129,16.357,-7.446,-1.648
2025-10-05 17:33:00,854,20305,20244,0.976,-0.046,-0.119,15.869,0.977,-1.099
2025-10-05 17:33:00,873,20305,20244,1.008,-0.069,-0.044,15.015,2.869,-2.014
2025-10-05 17:33:00,892,20305,20244,1.008,-0.058,-0.049,13.977,-1.16,-1.77
2025-10-05 17:33:00,911,20305,20244,0.963,-0.063,-0.141,13.733,-7.08,-0.854
2025-10-05 17:33:00,930,20305,20244,0.959,-0.05,-0.137,12.512,-2.014,-1.038
2025-10-05 17:33:00,949,20305,20264,1.024,-0.029,-0.081,11.902,-1.221,-1.465
2025-10-05 17:33:00,968,20285,20264,1.006,-0.041,-0.09,11.108,2.563,-1.526
2025-10-05 17:33:00,987,20285,20264,0.979,-0.029,-0.143,9.583,-1.282,-0.671
2025-10-05 17:33:00,1006,20305,20264,0.958,-0.038,-0.168,8.789,-7.568,-1.282
2025-10-05 17:33:01,18,20285,20264,1.007,-0.045,-0.08,7.202,-2.502,-0.671
2025-10-05 17:33:01,37,20305,20244,1.019,-0.031,-0.053,6.531,1.282,-1.038
2025-10-05 17:33:01,56,20285,20264,0.962,-0.023,-0.135,5.249,-1.831,-0.305
2025-10-05 17:33:01,75,20285,20264,1.028,-0.019,-0.051,4.578,0.305,-0.61
2025-10-05 17:33:01,94,20305,20264,0.975,-0.018,-0.114,3.967,-2.075,-0.244
2025-10-05 17:33:01,113,20305,20264,0.971,-0.026,-0.133,2.93,1.221,-0.244
2025-10-05 17:33:01,132,20305,20264,1.035,-0.021,-0.073,2.197,1.404,-0.183
2025-10-05 17:33:01,151,20305,20264,1.005,-0.023,-0.088,1.709,0.061,0.366
2025-10-05 17:33:01,170,20305,20244,0.976,0.002,-0.104,1.16,0.671,0.488
2025-10-05 17:33:01,189,20305,20264,0.974,-0.008,-0.096,1.892,-0.122,-0.427
2025-10-05 17:33:01,208,20285,20264,0.981,-0.031,-0.081,2.197,-0.549,0.366
2025-10-05 17:33:01,227,20305,20244,1.011,-0.014,-0.053,2.38,0.366,0
2025-10-05 17:33:01,246,20285,20244,0.978,-0.049,-0.1,2.747,3.235,-0.854
2025-10-05 17:33:01,265,20305,20244,0.982,-0.055,-0.131,3.357,1.892,-0.122
2025-10-05 17:33:01,284,20305,20264,0.988,-0.041,-0.125,3.357,-1.221,-0.61
2025-10-05 17:33:01,303,20305,20244,1.009,-0.031,-0.117,3.235,0.488,-1.099
2025-10-05 17:33:01,322,20305,20264,1.007,-0.038,-0.097,4.272,0.549,-1.038
2025-10-05 17:33:01,341,20285,20264,0.967,-0.027,-0.136,4.272,0.183,-1.038
2025-10-05 17:33:01,359,20305,20264,1.056,-0.026,-0.083,4.761,4.089,-0.549
2025-10-05 17:33:01,379,20285,20264,1.01,-0.029,-0.123,5.615,-0.061,-0.488
2025-10-05 17:33:01,398,20285,20244,0.926,-0.027,-0.172,5.249,-1.282,-0.366
2025-10-05 17:33:01,417,20305,20264,0.999,-0.045,-0.094,5.615,4.456,-0.977
2025-10-05 17:33:01,436,20305,20244,1.009,-0.051,-0.079,5.432,-1.953,-0.61
2025-10-05 17:33:01,455,20285,20244,0.932,-0.043,-0.19,5.554,-3.296,-0.671
2025-10-05 17:33:01,474,20285,20244,1.002,-0.032,-0.127,5.432,0.366,-0.61
2025-10-05 17:33:01,493,20285,20244,1.026,-0.036,-0.066,6.104,4.578,-0.305
2025-10-05 17:33:01,512,20305,20244,0.956,-0.024,-0.153,6.836,0,-0.671
2025-10-05 17:33:01,531,20285,20264,0.959,-0.026,-0.173,6.897,-0.488,-1.038
2025-10-05 17:33:01,550,20305,20264,1.024,-0.046,-0.081,7.385,-1.953,-0.793
2025-10-05 17:33:01,569,20305,20244,1.005,-0.057,-0.076,7.69,1.526,-0.183
2025-10-05 17:33:01,588,20305,20264,0.955,-0.052,-0.13,7.507,-0.488,-0.366
2025-10-05 17:33:01,607,20305,20244,1.007,-0.051,-0.07,7.629,8.118,-0.427
2025-10-05 17:33:01,626,20285,20244,1.019,-0.041,-0.094,7.812,1.038,-1.221
2025-10-05 17:33:01,645,20285,20244,1.005,-0.036,-0.114,7.629,-5.859,-0.854
2025-10-05 17:33:01,664,20285,20244,0.938,-0.041,-0.156,7.69,-0.366,-0.854
2025-10-05 17:33:01,683,20285,20244,0.962,-0.018,-0.122,7.935,2.625,-0.854
2025-10-05 17:33:01,702,20305,20244,1.043,-0.043,-0.034,8.24,4.333,-1.099
2025-10-05 17:33:01,721,20285,20244,1.044,-0.048,-0.061,7.874,3.723,-0.549
2025-10-05 17:33:01,740,20285,20264,0.987,-0.031,-0.128,8.118,5.676,-1.648
2025-10-05 17:33:01,759,20305,20244,0.937,-0.062,-0.13,8.118,-7.385,-1.221
2025-10-05 17:33:01,778,20285,20244,1.002,-0.037,-0.073,7.812,-7.141,-0.732
2025-10-05 17:33:01,797,20285,20244,1.056,-0.049,-0.023,7.751,9.766,-1.404
2025-10-05 17:33:01,816,20305,20244,1.008,-0.031,-0.094,7.996,5.615,-1.282
2025-10-05 17:33:01,835,20305,20244,0.91,-0.023,-0.166,7.874,-3.967,-0.488
2025-10-05 17:33:01,854,20285,20244,1.021,-0.028,-0.046,7.69,0.488,-1.221
2025-10-05 17:33:01,873,20305,20244,0.947,-0.023,-0.106,8.057,-4.333,-0.61
2025-10-05 17:33:01,892,20285,20244,0.96,-0.033,-0.108,7.568,-5.31,-0.549
2025-10-05 17:33:01,911,20285,20244,0.989,-0.035,-0.085,7.141,3.784,-0.61
2025-10-05 17:33:01,930,20305,20244,1.027,-0.045,-0.015,7.141,6.409,-0.061
2025-10-05 17:33:01,949,20285,20244,1.02,-0.033,-0.05,6.775,-3.174,-0.793
2025-10-05 17:33:01,968,20285,20244,0.976,-0.019,-0.096,6.348,-1.587,0.061
2025-10-05 17:33:01,987,20305,20244,0.964,-0.028,-0.084,5.981,-0.61,0.183
2025-10-05 17:33:01,1006,20305,20244,0.987,-0.001,-0.079,5.493,-0.671,-0.366
2025-10-05 17:33:02,18,20285,20244,1.027,-0.024,-0.042,5.371,-4.822,0.488
2025-10-05 17:33:02,37,20285,20244,1.041,-0.016,-0,4.517,5.371,0.549
2025-10-05 17:33:02,56,20305,20244,0.958,-0.012,-0.122,4.517,5.493,0.671
2025-10-05 17:33:02,74,20305,20244,0.994,-0.033,-0.067,4.517,-6.775,0.549
2025-10-05 17:33:02,94,20285,20244,0.974,-0.014,-0.066,3.54,-4.944,1.465
2025-10-05 17:33:02,113,20285,20244,0.999,-0.044,-0.042,3.052,0.122,0.427
2025-10-05 17:33:02,132,20305,20244,1.024,-0.044,-0.049,2.563,1.77,0.183
2025-10-05 17:33:02,150,20305,20244,0.932,-0.03,-0.11,1.77,-2.869,1.77
2025-10-05 17:33:02,170,20305,20244,1.024,-0.033,-0.033,1.404,3.235,0.61
2025-10-05 17:33:02,189,20305,20244,1.027,-0.015,-0.044,1.038,0.366,0.916
2025-10-05 17:33:02,208,20285,20244,0.945,-0.031,-0.126,1.221,-1.709,0.061
2025-10-05 17:33:02,227,20285,20244,1.007,-0.031,-0.047,0.916,-1.038,0.854
2025-10-05 17:33:02,246,20305,20244,0.998,-0.047,-0.052,1.282,2.319,0.244
2025-10-05 17:33:02,265,20305,20244,0.979,-0.062,-0.086,1.099,-1.953,-0.366
2025-10-05 17:33:02,284,20305,20244,1,-0.076,-0.103,0.061,3.723,-0.366
2025-10-05 17:33:02,303,20305,20244,1.024,-0.066,-0.065,-2.258,-1.282,-1.221
2025-10-05 17:33:02,322,20305,20244,0.997,-0.055,-0.07,-2.808,-1.099,-0.916
2025-10-05 17:33:02,341,20305,20244,0.963,-0.014,-0.097,-3.296,2.197,-0.732
2025-10-05 17:33:02,360,20305,20244,0.988,0.023,-0.07,-4.517,2.258,-0.061
2025-10-05 17:33:02,378,20305,20244,0.983,0.036,-0.102,-3.418,2.93,0
2025-10-05 17:33:02,398,20285,20244,1.007,0.021,-0.106,-3.662,0.977,-0.305
2025-10-05 17:33:02,417,20305,20244,0.978,-0,-0.108,-5.005,2.93,0.366
2025-10-05 17:33:02,435,20305,20244,0.955,-0.041,-0.13,-5.676,4.15,0.366
2025-10-05 17:33:02,455,20285,20244,0.985,-0.065,-0.119,-7.263,-0.122,0.244
2025-10-05 17:33:02,474,20305,20244,1.019,-0.049,-0.11,-8.362,2.686,0.122
2025-10-05 17:33:02,492,20305,20244,0.979,0.005,-0.148,-8.545,1.099,0.183
2025-10-05 17:33:02,512,20305,20244,0.966,0.019,-0.135,-8.057,-2.014,-1.038
2025-10-05 17:33:02,531,20305,20244,1.033,0.043,-0.066,-7.385,0.183,-0.183
2025-10-05 17:33:02,550,20305,20244,0.969,0.041,-0.114,-6.775,2.93,0.61
2025-10-05 17:33:02,569,20305,20244,0.981,0.003,-0.112,-6.409,0.122,0.122
2025-10-05 17:33:02,588,20285,20244,1.016,-0.033,-0.074,-7.446,-5.981,0.732
2025-10-05 17:33:02,607,20305,20244,1.003,-0.041,-0.117,-8.24,-5.554,0.427
2025-10-05 17:33:02,626,20305,20244,0.984,-0.036,-0.101,-9.033,-0.305,0.732
2025-10-05 17:33:02,645,20305,20244,0.959,0.001,-0.072,-9.033,7.202,0.977
2025-10-05 17:33:02,664,20305,20244,0.99,0.021,-0.041,-7.874,-3.052,0.122
2025-10-05 17:33:02,683,20305,20244,0.987,0.046,-0.081,-7.568,-1.709,1.404
2025-10-05 17:33:02,702,20285,20244,0.967,0.036,-0.161,-6.958,1.648,1.77
2025-10-05 17:33:02,721,20285,20244,1.018,-0.014,-0.109,-5.859,2.502,0.854
2025-10-05 17:33:02,739,20305,20244,1.005,-0.023,-0.088,-6.775,2.747,1.953
2025-10-05 17:33:02,759,20305,20244,0.923,-0.051,-0.186,-5.432,-2.319,0.427
2025-10-05 17:33:02,778,20305,20244,1.011,-0.062,-0.123,-4.761,-3.357,1.953
2025-10-05 17:33:02,796,20305,20244,1.036,-0.021,-0.023,-4.456,-1.221,1.465
2025-10-05 17:33:02,816,20305,20244,0.982,-0.016,-0.11,-3.845,4.456,0.549
2025-10-05 17:33:02,835,20305,20244,0.961,-0.032,-0.156,-2.747,2.014,0.427
2025-10-05 17:33:02,854,20305,20244,1.029,-0.015,-0.077,-2.991,-7.202,2.075
2025-10-05 17:33:02,873,20285,20244,0.992,-0.039,-0.13,-2.319,-5.981,0.854
2025-10-05 17:33:02,892,20305,20244,0.991,-0.039,-0.102,-2.319,0.305,1.221
2025-10-05 17:33:02,911,20305,20244,0.973,-0.039,-0.099,-2.747,1.16,0.793
2025-10-05 17:33:02,930,20305,20244,0.97,-0.069,-0.128,-1.892,1.038,-0.061
2025-10-05 17:33:02,949,20305,20244,1.069,-0.06,-0.063,-1.831,3.235,0.061
2025-10-05 17:33:02,967,20285,20244,1.005,-0.019,-0.093,-2.808,-2.075,0.366
2025-10-05 17:33:02,987,20285,20244,0.922,-0.032,-0.172,-2.014,-2.808,-0.916
2025-10-05 17:33:03,19,20305,20244,0.99,-0.009,-0.09,-2.441,-2.93,0.122
2025-10-05 17:33:03,38,20305,20244,1.018,0.005,-0.032,-3.174,2.563,-0.549
2025-10-05 17:33:03,57,20305,20244,0.974,-0.028,-0.141,-3.174,5.981,-0.122
2025-10-05 17:33:03,76,20305,20244,0.976,-0.029,-0.163,-4.333,-1.038,0.61
2025-10-05 17:33:03,94,20305,20244,0.992,-0.028,-0.071,-5.92,-1.282,-0.061
2025-10-05 17:33:03,114,20305,20244,0.986,-0.038,-0.087,-6.47,6.47,-0.244
2025-10-05 17:33:03,133,20305,20244,0.972,-0.026,-0.113,-7.202,4.456,-0.183
2025-10-05 17:33:03,152,20305,20244,1.008,-0.03,-0.097,-7.324,5.249,-0.916
2025-10-05 17:33:03,171,20285,20244,1.037,-0.025,-0.116,-7.141,1.831,-0.305
2025-10-05 17:33:03,190,20305,20244,0.984,-0,-0.154,-8.118,-0.488,0.183
2025-10-05 17:33:03,209,20285,20244,0.975,-0.015,-0.15,-7.874,5.249,-0.427
2025-10-05 17:33:03,228,20305,20244,1.044,-0.011,-0.06,-8.179,9.705,0.061
2025-10-05 17:33:03,247,20305,20244,1.011,-0.01,-0.101,-8.606,-2.441,0.305
2025-10-05 17:33:03,266,20285,20244,0.9,-0.023,-0.202,-8.606,0.122,-0.061
2025-10-05 17:33:03,285,20305,20244,0.983,-0.03,-0.126,-9.46,-4.639,0.488
2025-10-05 17:33:03,304,20305,20244,1.015,0.021,-0.054,-10.498,1.526,0.61
2025-10-05 17:33:03,322,20305,20244,1.006,-0.013,-0.096,-11.169,4.7,0
2025-10-05 17:33:03,342,20305,20244,0.999,0.029,-0.08,-11.597,4.822,1.038
2025-10-05 17:33:03,361,20285,20244,0.995,0.013,-0.124,-11.169,3.235,0.061
2025-10-05 17:33:03,380,20305,20244,0.896,0.004,-0.171,-11.292,-2.502,0.793
2025-10-05 17:33:03,399,20285,20244,1.047,-0.017,-0.038,-11.353,1.16,0.488
2025-10-05 17:33:03,418,20305,20244,0.974,0.017,-0.114,-11.841,-3.967,1.892
2025-10-05 17:33:03,437,20285,20244,1.001,-0.02,-0.102,-11.963,-1.16,0.671
2025-10-05 17:33:03,456,20285,20244,0.951,0.014,-0.083,-12.329,1.892,1.953
2025-10-05 17:33:03,475,20285,20244,1.021,-0.011,-0.075,-11.78,0.916,0.244
2025-10-05 17:33:03,494,20305,20244,0.998,0.006,-0.104,-12.085,-3.479,2.136
2025-10-05 17:33:03,513,20305,20244,0.98,0.015,-0.12,-11.902,0,1.282
2025-10-05 17:33:03,532,20305,20244,1.016,-0.025,-0.039,-12.085,-0.793,2.93
2025-10-05 17:33:03,551,20285,20244,0.983,0.005,-0.065,-12.634,-0.732,2.014
2025-10-05 17:33:03,570,20305,20244,0.998,-0.034,-0.077,-12.024,-2.014,1.953
2025-10-05 17:33:03,589,20285,20244,1.005,-0.003,-0.021,-12.146,-0.183,1.77
2025-10-05 17:33:03,607,20305,20244,0.969,-0.037,-0.09,-12.085,1.587,1.526
2025-10-05 17:33:03,627,20305,20244,0.962,0.008,-0.046,-12.024,-0.61,1.648
2025-10-05 17:33:03,646,20285,20244,1.037,-0.039,-0.032,-11.78,1.16,1.343
2025-10-05 17:33:03,664,20305,20244,0.958,-0.005,-0.077,-11.719,-0.061,1.221
2025-10-05 17:33:03,684,20305,20244,1.002,-0.041,-0.037,-11.719,0.427,1.648
2025-10-05 17:33:03,703,20305,20244,0.951,-0.015,-0.098,-12.085,0.732,0.916
2025-10-05 17:33:03,722,20305,20244,1,-0.043,-0.024,-11.841,1.953,0.732
2025-10-05 17:33:03,741,20285,20244,1.031,-0.016,0.006,-12.207,3.113,0.549
2025-10-05 17:33:03,760,20285,20244,1.041,-0.032,-0.067,-11.414,-0.122,0.427
2025-10-05 17:33:03,779,20305,20244,0.986,-0.009,-0.091,-11.78,1.77,0.977
2025-10-05 17:33:03,798,20305,20244,0.977,-0.036,-0.084,-10.681,0.427,-0.732
2025-10-05 17:33:03,816,20285,20244,0.969,-0.028,-0.147,-11.841,-1.831,0.183
2025-10-05 17:33:03,836,20285,20244,1.019,0.011,-0.074,-11.475,-2.93,0.122
2025-10-05 17:33:03,855,20305,20244,1.057,-0.019,-0.034,-12.085,2.38,0.122
2025-10-05 17:33:03,873,20285,20244,0.982,0.019,-0.094,-12.329,3.113,0.305
2025-10-05 17:33:03,893,20285,20244,0.98,0.023,-0.091,-11.719,-1.404,0.122
2025-10-05 17:33:03,912,20305,20244,0.991,0.027,-0.063,-11.658,2.747,0.427
2025-10-05 17:33:03,930,20305,20244,1.003,-0.007,-0.101,-11.414,-0.183,-0.183
2025-10-05 17:33:03,950,20305,20244,0.966,-0.028,-0.098,-11.597,-1.404,0.488
2025-10-05 17:33:03,969,20305,20244,0.933,-0.03,-0.112,-11.353,-1.16,0.488
2025-10-05 17:33:03,988,20285,20244,0.976,-0.054,-0.099,-11.902,3.235,0
2025-10-05 17:33:03,1007,20305,20244,0.98,-0.005,-0.051,-12.695,2.686,0.183
2025-10-05 17:33:04,19,20305,20244,1.043,-0.024,-0.092,-12.817,1.465,-0.122
2025-10-05 17:33:04,38,20305,20244,0.974,0.054,-0.12,-13,3.235,0.549
2025-10-05 17:33:04,57,20305,20244,0.982,0.017,-0.132,-12.329,3.418,-0.183
2025-10-05 17:33:04,76,20285,20244,0.991,0.038,-0.146,-12.024,-1.221,1.526
2025-10-05 17:33:04,95,20305,20244,1.006,0.007,-0.122,-10.437,-2.197,0.366
2025-10-05 17:33:04,113,20305,20244,0.999,-0.03,-0.123,-10.681,0.122,1.282
2025-10-05 17:33:04,133,20285,20244,1.01,-0.018,-0.084,-10.803,-0.427,1.465
2025-10-05 17:33:04,152,20305,20244,1.036,-0.044,-0.071,-11.597,2.747,1.099
2025-10-05 17:33:04,170,20285,20244,0.978,-0.03,-0.125,-11.414,0.122,1.709
2025-10-05 17:33:04,190,20305,20244,0.985,-0.021,-0.119,-12.146,2.441,1.709
2025-10-05 17:33:04,209,20305,20244,0.977,0.006,-0.055,-11.719,2.563,1.038
2025-10-05 17:33:04,228,20305,20244,1.002,-0.015,-0.077,-12.024,3.296,1.16
2025-10-05 17:33:04,247,20305,20244,0.984,0.027,-0.046,-11.902,0.854,1.709
2025-10-05 17:33:04,266,20305,20244,1,-0.022,-0.09,-11.23,-1.892,1.343
2025-10-05 17:33:04,285,20305,20244,0.967,0.001,-0.122,-11.841,-1.099,1.709
2025-10-05 17:33:04,304,20305,20244,1.016,-0.04,-0.05,-11.597,2.136,0.732
2025-10-05 17:33:04,323,20285,20244,0.991,-0.021,-0.138,-12.39,3.113,1.587
2025-10-05 17:33:04,342,20305,20244,0.976,-0.036,-0.133,-12.451,-2.136,0.916
2025-10-05 17:33:04,360,20285,20244,0.975,-0.01,-0.098,-12.634,-2.93,0.61
2025-10-05 17:33:04,380,20305,20244,0.994,-0.004,-0.103,-11.23,0.732,1.77
2025-10-05 17:33:04,399,20305,20244,1.006,0.019,-0.111,-11.23,-0.427,1.526
2025-10-05 17:33:04,418,20305,20244,1.007,-0,-0.095,-10.071,0.305,1.404
2025-10-05 17:33:04,437,20285,20244,1.002,0.005,-0.089,-10.498,-1.892,1.282
2025-10-05 17:33:04,456,20305,20244,0.976,-0.046,-0.101,-9.644,0.305,0.916
2025-10-05 17:33:04,474,20285,20244,0.979,-0.054,-0.13,-10.315,-1.221,0.427
2025-10-05 17:33:04,494,20305,20244,0.981,-0.046,-0.095,-10.01,-3.54,0.671
2025-10-05 17:33:04,513,20305,20244,0.954,-0.023,-0.163,-10.071,-2.319,0.793
2025-10-05 17:33:04,532,20305,20244,0.985,0.013,-0.092,-9.338,2.258,0.366
2025-10-05 17:33:04,551,20285,20244,0.98,-0.011,-0.092,-8.789,-0.854,-0.488
2025-10-05 17:33:04,570,20305,20244,1.014,-0.007,-0.079,-7.874,1.526,0.061
2025-10-05 17:33:04,589,20285,20244,1.014,-0.035,-0.093,-7.324,0.183,-0.183
2025-10-05 17:33:04,608,20285,20244,0.983,-0.041,-0.114,-6.897,-1.282,-0.061
2025-10-05 17:33:04,627,20305,20244,1.011,-0.034,-0.066,-6.836,-2.625,0.061
2025-10-05 17:33:04,646,20305,20244,0.992,-0.031,-0.078,-6.714,1.465,0.183
2025-10-05 17:33:04,665,20285,20244,1.016,-0.026,-0.065,-6.775,4.883,-0.793
2025-10-05 17:33:04,684,20285,20244,0.979,-0.008,-0.081,-6.531,4.272,-0.122
2025-10-05 17:33:04,703,20305,20244,1.059,-0.037,-0.027,-6.531,3.906,-0.427
2025-10-05 17:33:04,722,20305,20244,0.993,-0.01,-0.068,-6.348,-0.427,-0.366
2025-10-05 17:33:04,741,20305,20244,1.011,-0.039,-0.093,-6.409,-3.845,-0.549
2025-10-05 17:33:04,760,20305,20244,0.972,0.022,-0.123,-7.08,-2.563,0.793
2025-10-05 17:33:04,779,20305,20244,0.997,-0.036,-0.101,-6.287,1.16,-0.549
2025-10-05 17:33:04,798,20305,20244,1.007,0.021,-0.068,-6.897,1.892,0.854
2025-10-05 17:33:04,817,20305,20244,0.992,-0.041,-0.112,-5.737,2.136,-0.366
2025-10-05 17:33:04,836,20305,20244,0.995,-0.031,-0.135,-6.287,1.892,0.427
2025-10-05 17:33:04,855,20305,20244,0.945,-0.043,-0.155,-4.883,-0.122,-0.61
2025-10-05 17:33:04,874,20305,20244,1.008,-0.037,-0.134,-5.798,-2.93,1.465
2025-10-05 17:33:04,893,20305,20244,0.979,0.003,-0.108,-5.737,-2.686,-0.122
2025-10-05 17:33:04,912,20305,20244,0.984,-0.026,-0.079,-6.042,0.427,2.014
2025-10-05 17:33:04,931,20305,20244,0.966,-0.026,-0.151,-6.042,-1.038,0.061
2025-10-05 17:33:04,950,20305,20244,0.973,0.003,-0.145,-6.409,0.244,1.465
2025-10-05 17:33:04,969,20285,20244,1.021,-0.022,-0.131,-6.104,1.465,0.854
2025-10-05 17:33:04,988,20305,20244,0.998,-0.019,-0.112,-5.981,1.648,0.793
2025-10-05 17:33:05,18,20305,20244,1.006,-0.005,-0.111,-5.798,0.244,1.282
2025-10-05 17:33:05,37,20305,20244,0.939,-0.022,-0.119,-5.92,-2.502,0.732
2025-10-05 17:33:05,56,20305,20244,0.991,-0.011,-0.142,-6.042,-2.808,1.526
2025-10-05 17:33:05,75,20305,20244,0.968,-0.027,-0.14,-6.47,-2.625,1.648
2025-10-05 17:33:05,94,20305,20244,1.004,-0.037,-0.119,-6.775,-0.916,1.221
2025-10-05 17:33:05,113,20305,20244,1.007,-0.008,-0.082,-7.08,-1.282,2.197
2025-10-05 17:33:05,132,20305,20244,0.969,-0.021,-0.082,-6.592,1.099,1.465
2025-10-05 17:33:05,151,20305,20244,0.986,0.018,-0.078,-6.714,0.854,2.014
2025-10-05 17:33:05,170,20305,20244,1.004,-0.019,-0.079,-6.226,1.16,1.221
2025-10-05 17:33:05,189,20305,20244,1.013,-0.008,-0.095,-7.141,-0.244,2.441
2025-10-05 17:33:05,208,20305,20244,0.998,-0.056,-0.082,-7.568,0.305,1.77
2025-10-05 17:33:05,227,20305,20244,0.991,-0.026,-0.082,-8.606,0.488,2.136
2025-10-05 17:33:05,245,20305,20244,0.979,-0.072,-0.104,-8.423,1.709,1.038
2025-10-05 17:33:05,265,20305,20244,1.035,-0.024,-0.106,-8.118,1.221,1.526
2025-10-05 17:33:05,284,20305,20244,0.998,-0.036,-0.112,-6.836,-0.183,1.038
2025-10-05 17:33:05,303,20285,20244,0.973,-0.004,-0.134,-5.981,-1.953,1.221
2025-10-05 17:33:05,322,20305,20244,0.935,-0.034,-0.126,-4.944,-0.488,0.244
2025-10-05 17:33:05,341,20305,20244,0.977,-0.047,-0.142,-3.906,-1.404,0.671
2025-10-05 17:33:05,360,20305,20244,1.015,-0.061,-0.117,-3.906,-0.549,-0.183
2025-10-05 17:33:05,379,20305,20244,0.985,-0.069,-0.126,-3.906,0.366,0.549
2025-10-05 17:33:05,398,20305,20244,0.972,-0.051,-0.1,-4.333,-0.366,-0.366
2025-10-05 17:33:05,417,20305,20244,0.965,-0.043,-0.108,-4.211,-0.854,0.244
2025-10-05 17:33:05,436,20305,20244,1.012,-0.007,-0.078,-4.822,-0.427,-0.305
2025-10-05 17:33:05,455,20305,20244,1,-0.019,-0.117,-4.211,-1.038,0.366
2025-10-05 17:33:05,474,20285,20244,0.984,0.002,-0.094,-4.15,0.366,-0.549
2025-10-05 17:33:05,493,20305,20244,0.998,-0.027,-0.104,-3.418,0.854,0.244
2025-10-05 17:33:05,511,20305,20244,0.996,-0.014,-0.093,-3.662,-0.427,-0.366
2025-10-05 17:33:05,531,20305,20244,1.01,-0.057,-0.119,-3.479,-1.16,0.061
2025-10-05 17:33:05,550,20305,20244,0.996,-0.031,-0.096,-4.028,0.061,-0.488
2025-10-05 17:33:05,569,20305,20244,0.992,-0.065,-0.106,-3.845,1.16,0.061
2025-10-05 17:33:05,588,20305,20244,1.004,-0.016,-0.091,-4.456,1.77,-0.183
2025-10-05 17:33:05,607,20305,20244,0.994,-0.044,-0.097,-3.845,2.747,0.305
2025-10-05 17:33:05,626,20305,20244,0.987,-0.007,-0.107,-3.906,1.709,-0.366
2025-10-05 17:33:05,645,20305,20244,0.997,-0.06,-0.12,-3.967,1.526,0.366
2025-10-05 17:33:05,664,20305,20244,0.996,-0.035,-0.11,-4.456,1.587,0
2025-10-05 17:33:05,683,20305,20244,0.99,-0.07,-0.126,-4.822,2.93,0.122
2025-10-05 17:33:05,702,20305,20244,0.98,-0.02,-0.113,-5.554,1.892,-0.427
2025-10-05 17:33:05,721,20305,20244,0.998,-0.027,-0.113,-6.104,2.197,-0.061
2025-10-05 17:33:05,740,20305,20244,0.978,-0.005,-0.12,-6.226,1.587,-0.427
2025-10-05 17:33:05,759,20305,20244,0.999,-0.023,-0.126,-6.653,0.671,-0.061
2025-10-05 17:33:05,778,20305,20244,1.002,-0.012,-0.098,-6.653,1.587,-0.183
2025-10-05 17:33:05,797,20305,20244,1.014,-0.021,-0.063,-7.141,2.014,0.61
2025-10-05 17:33:05,816,20305,20244,0.942,-0.024,-0.11,-7.629,1.16,-0.305
2025-10-05 17:33:05,835,20305,20244,0.99,-0.027,-0.098,-7.568,0.549,0.488
2025-10-05 17:33:05,854,20305,20244,1.004,-0.03,-0.093,-7.385,0.061,0
2025-10-05 17:33:05,873,20305,20244,0.984,-0.023,-0.115,-7.629,0.305,0.427
2025-10-05 17:33:05,892,20305,20244,0.977,-0.013,-0.112,-7.446,-0.183,-0.366
2025-10-05 17:33:05,911,20305,20244,0.989,-0.045,-0.092,-8.24,0.732,-0.793
2025-10-05 17:33:05,929,20305,20244,1.011,-0.028,-0.077,-8.118,1.526,-0.793
2025-10-05 17:33:05,949,20305,20244,1.004,-0.038,-0.071,-8.789,0.366,0.488
2025-10-05 17:33:05,968,20305,20244,0.988,-0.031,-0.069,-8.24,0.61,-0.061
2025-10-05 17:33:05,987,20305,20244,0.968,0.028,-0.102,-8.728,-0.244,0.793
2025-10-05 17:33:05,1006,20305,20244,1.02,-0.01,-0.094,-8.118,-0.183,0.366
2025-10-05 17:33:06,18,20305,20244,0.979,0.012,-0.096,-8.667,0,0.916
2025-10-05 17:33:06,37,20305,20244,0.98,-0.047,-0.096,-8.362,-0.977,0.427
2025-10-05 17:33:06,56,20305,20244,0.989,-0.013,-0.09,-8.667,0.61,1.587
2025-10-05 17:33:06,75,20305,20244,1.008,-0.044,-0.062,-8.301,0.061,0.305
2025-10-05 17:33:06,94,20305,20244,0.979,-0.021,-0.092,-8.484,-0.366,0.916
2025-10-05 17:33:06,113,20305,20244,0.998,-0.038,-0.07,-8.24,-0.854,0.977
2025-10-05 17:33:06,132,20305,20244,1.012,-0.022,-0.071,-8.728,-0.366,1.16
2025-10-05 17:33:06,151,20305,20244,0.982,-0.029,-0.078,-7.996,0.061,0.916
2025-10-05 17:33:06,170,20305,20244,0.975,-0.022,-0.086,-8.301,-0.244,1.282
2025-10-05 17:33:06,189,20305,20244,0.993,-0.033,-0.061,-7.935,-0.427,0.427
2025-10-05 17:33:06,208,20305,20244,0.991,-0.015,-0.073,-8.728,-0.61,1.343
2025-10-05 17:33:06,227,20305,20244,0.969,-0.048,-0.075,-8.179,-0.671,1.221
2025-10-05 17:33:06,246,20305,20244,1.006,-0.01,-0.061,-8.667,-0.122,0.854
2025-10-05 17:33:06,264,20305,20244,0.976,-0.035,-0.08,-8.179,0.427,1.221
2025-10-05 17:33:06,284,20305,20244,0.993,-0.008,-0.052,-8.179,-0.427,0.732
2025-10-05 17:33:06,303,20305,20244,0.983,-0.045,-0.069,-7.935,-1.465,0.244
2025-10-05 17:33:06,322,20305,20244,0.977,-0.025,-0.1,-7.874,-1.099,1.282
2025-10-05 17:33:06,340,20305,20244,0.988,-0.046,-0.076,-7.385,0.244,0.488
2025-10-05 17:33:06,360,20305,20244,0.99,-0.022,-0.069,-7.568,-0.122,0.793
2025-10-05 17:33:06,379,20305,20244,1.016,-0.033,-0.073,-7.446,1.587,0.671
2025-10-05 17:33:06,398,20305,20244,0.975,-0.021,-0.08,-8.423,0.977,1.038
2025-10-05 17:33:06,417,20305,20244,0.988,-0.021,-0.08,-7.751,-0.977,0.793
2025-10-05 17:33:06,436,20305,20244,0.991,-0.01,-0.101,-8.362,-0.977,1.099
2025-10-05 17:33:06,455,20305,20244,1.007,-0.02,-0.084,-7.874,-0.732,0.854
2025-10-05 17:33:06,474,20305,20244,0.966,-0.029,-0.087,-8.85,-0.366,1.099
2025-10-05 17:33:06,493,20305,20244,0.989,-0.054,-0.073,-8.423,-0.244,0.916
2025-10-05 17:33:06,512,20305,20244,0.984,-0.027,-0.097,-9.644,-0.305,0.916
2025-10-05 17:33:06,531,20305,20244,0.99,-0.062,-0.082,-9.277,0.61,0.854
2025-10-05 17:33:06,550,20305,20244,0.977,-0.009,-0.094,-10.193,1.16,0.427
2025-10-05 17:33:06,568,20305,20244,1.001,-0.042,-0.065,-9.033,1.892,0.732
2025-10-05 17:33:06,588,20305,20244,1.012,0.005,-0.069,-9.827,1.648,0.549
2025-10-05 17:33:06,607,20305,20244,1.013,-0.04,-0.076,-8.85,1.343,0.427
2025-10-05 17:33:06,626,20305,20244,1.02,-0.007,-0.073,-9.583,0.549,0.732
2025-10-05 17:33:06,645,20305,20244,0.975,-0.042,-0.088,-8.972,0.671,0.793
2025-10-05 17:33:06,664,20305,20244,1.012,-0.024,-0.083,-9.399,0.793,0.61
2025-10-05 17:33:06,683,20305,20244,0.963,-0.033,-0.098,-9.338,0.427,0.488
2025-10-05 17:33:06,702,20305,20244,0.99,-0.032,-0.098,-9.033,-0.854,0.427
2025-10-05 17:33:06,721,20305,20244,0.973,-0.039,-0.106,-9.644,-1.099,-0.061
2025-10-05 17:33:06,740,20305,20244,1.001,-0.04,-0.061,-9.705,0.061,0.366
2025-10-05 17:33:06,759,20305,20244,0.981,-0.03,-0.081,-9.827,-0.732,0.183
2025-10-05 17:33:06,778,20305,20244,0.987,-0.031,-0.094,-9.338,-1.221,0.671
2025-10-05 17:33:06,797,20305,20244,0.989,0,-0.104,-10.071,-0.305,-0.183
2025-10-05 17:33:06,816,20305,20244,0.996,-0.037,-0.109,-9.399,0.427,0.488
2025-10-05 17:33:06,835,20305,20244,1.022,-0.022,-0.089,-9.705,1.709,0.305
2025-10-05 17:33:06,854,20305,20244,0.991,-0.047,-0.092,-9.399,1.282,0.854
2025-10-05 17:33:06,873,20305,20244,1.004,-0.032,-0.075,-9.888,0.793,0.244
2025-10-05 17:33:06,892,20305,20244,1.006,-0.034,-0.078,-9.399,1.892,0.366
2025-10-05 17:33:06,911,20305,20244,1.031,-0.005,-0.123,-9.216,-0.122,0.793
2025-10-05 17:33:06,929,20305,20244,0.984,0.008,-0.118,-8.362,0.122,0
2025-10-05 17:33:06,949,20305,20244,0.96,0.007,-0.13,-7.446,-0.183,0.793
2025-10-05 17:33:06,968,20305,20244,0.965,-0.021,-0.112,-6.836,-1.099,0
2025-10-05 17:33:06,987,20285,20244,0.982,-0.042,-0.11,-6.714,-1.404,0.732
2025-10-05 17:33:06,1006,20305,20244,0.996,-0.054,-0.104,-7.019,-0.427,-0.061
2025-10-05 17:33:07,19,20305,20244,1.031,-0.054,-0.1,-7.324,0.549,0.427
2025-10-05 17:33:07,38,20305,20244,0.981,-0.031,-0.112,-7.324,-1.221,0
2025-10-05 17:33:07,57,20305,20244,0.966,-0.01,-0.118,-6.409,-1.16,0.671
2025-10-05 17:33:07,76,20305,20244,0.944,0.017,-0.116,-5.92,0.061,-0.244
2025-10-05 17:33:07,95,20285,20244,0.989,-0.016,-0.109,-5.066,-1.16,0.366
2025-10-05 17:33:07,114,20305,20244,0.993,-0.026,-0.137,-4.761,-0.244,0.427
2025-10-05 17:33:07,132,20305,20244,1.011,-0.079,-0.112,-4.639,0.427,0.305
2025-10-05 17:33:07,152,20305,20244,0.936,-0.06,-0.123,-4.578,1.892,0.549
2025-10-05 17:33:07,171,20305,20244,0.979,-0.077,-0.12,-4.761,0.854,0.305
2025-10-05 17:33:07,190,20305,20244,0.966,-0.03,-0.133,-4.578,0.366,0.183
2025-10-05 17:33:07,209,20305,20244,1.014,-0.037,-0.117,-3.845,0.305,-0.305
2025-10-05 17:33:07,228,20305,20244,0.951,-0.007,-0.13,-3.235,0.793,-0.244
2025-10-05 17:33:07,247,20305,20244,0.979,-0.015,-0.118,-3.113,0.916,-0.061
2025-10-05 17:33:07,266,20305,20244,0.993,-0.022,-0.121,-2.93,1.526,-0.305
2025-10-05 17:33:07,285,20305,20244,0.97,-0.037,-0.114,-3.601,0.488,0.061
2025-10-05 17:33:07,304,20305,20244,0.986,-0.038,-0.126,-3.906,0.732,-0.122
2025-10-05 17:33:07,323,20305,20244,0.986,-0.034,-0.122,-4.639,0.061,0.671
2025-10-05 17:33:07,342,20305,20244,1,-0.021,-0.11,-5.127,1.16,-0.061
2025-10-05 17:33:07,361,20305,20244,0.981,-0.019,-0.096,-5.493,2.563,0.183
2025-10-05 17:33:07,380,20305,20244,1.008,-0.004,-0.098,-4.944,2.93,0.61
2025-10-05 17:33:07,399,20305,20244,0.995,-0.026,-0.123,-5.31,0.732,0.122
2025-10-05 17:33:07,418,20305,20244,0.978,-0.021,-0.125,-4.761,0.671,1.038
2025-10-05 17:33:07,437,20305,20244,0.957,-0.058,-0.115,-5.493,-0.061,0.061
2025-10-05 17:33:07,456,20305,20244,0.995,-0.036,-0.104,-4.944,-0.488,0.61
2025-10-05 17:33:07,475,20305,20244,0.993,-0.058,-0.096,-5.859,3.052,0
2025-10-05 17:33:07,494,20305,20244,0.996,-0.024,-0.103,-5.737,2.625,0.122
2025-10-05 17:33:07,513,20305,20244,0.978,0.005,-0.095,-5.981,3.174,1.099
2025-10-05 17:33:07,532,20305,20244,0.996,-0.017,-0.1,-5.676,0.122,-0.061
2025-10-05 17:33:07,551,20305,20244,0.974,0.007,-0.135,-5.493,-1.526,0.916
2025-10-05 17:33:07,570,20305,20244,0.961,-0.039,-0.121,-5.249,1.221,1.099
2025-10-05 17:33:07,589,20305,20244,1.03,-0.043,-0.102,-5.737,1.77,0.671
2025-10-05 17:33:07,608,20305,20244,0.965,-0.047,-0.108,-6.226,-1.404,1.221
2025-10-05 17:33:07,627,20305,20244,1.008,-0.045,-0.109,-6.958,-0.977,1.282
2025-10-05 17:33:07,646,20305,20244,0.944,-0.034,-0.092,-7.446,-0.977,0.488
2025-10-05 17:33:07,665,20305,20244,1.026,-0.013,-0.067,-7.446,-1.648,1.831
2025-10-05 17:33:07,684,20305,20244,0.97,-0.034,-0.088,-7.996,-0.61,0.671
2025-10-05 17:33:07,703,20305,20244,1.049,-0.009,-0.076,-7.996,-0.61,1.587
2025-10-05 17:33:07,722,20305,20244,0.956,-0.035,-0.114,-8.301,-0.122,1.282
2025-10-05 17:33:07,740,20305,20244,1.017,-0.025,-0.125,-9.033,-0.793,0.671
2025-10-05 17:33:07,760,20305,20244,1.063,-0.038,-0.138,-8.606,-1.038,0.793
2025-10-05 17:33:07,779,20305,20244,1.005,-0.04,-0.141,-8.423,-0.671,-0.183
2025-10-05 17:33:07,798,20305,20244,1.031,0.006,-0.108,-7.69,1.831,1.404
2025-10-05 17:33:07,817,20305,20244,0.991,-0.015,-0.137,-6.47,1.831,-0.671
2025-10-05 17:33:07,836,20305,20244,0.997,-0.01,-0.103,-4.761,1.221,0.61
2025-10-05 17:33:07,855,20305,20244,0.934,-0.047,-0.055,-3.418,0.793,1.099
2025-10-05 17:33:07,874,20305,20244,0.934,-0.072,0.025,-3.601,0.183,0.671
2025-10-05 17:33:07,893,20305,20244,0.914,-0.068,0.022,-4.578,-0.793,0.61
2025-10-05 17:33:07,912,20305,20244,0.989,-0.047,-0.031,-4.761,-1.099,1.892
2025-10-05 17:33:07,931,20305,20244,0.967,0.004,-0.183,-5.005,-2.625,1.465
2025-10-05 17:33:07,950,20305,20244,1.029,-0.005,-0.16,-5.615,-4.395,-0.122
2025-10-05 17:33:07,969,20305,20244,1.072,-0.021,-0.112,-4.883,-3.296,-0.61
2025-10-05 17:33:07,988,20305,20244,1.008,-0.075,-0.06,-2.93,-0.488,-0.732
2025-10-05 17:33:08,19,20305,20244,0.901,-0.049,-0.074,-2.502,-1.526,-1.282
2025-10-05 17:33:08,38,20305,20244,0.959,-0.064,-0.014,-1.709,0.122,0.427
2025-10-05 17:33:08,57,20305,20244,1.008,-0.046,-0.008,-1.953,-3.052,-0.793
2025-10-05 17:33:08,76,20305,20244,1.035,-0.024,-0.036,-2.441,-1.343,-0.183
2025-10-05 17:33:08,95,20305,20244,1.007,-0.045,-0.06,-2.625,2.258,-1.526
2025-10-05 17:33:08,114,20305,20244,1.032,-0.048,-0.046,-2.991,2.197,-0.977
2025-10-05 17:33:08,133,20305,20244,1.029,-0.064,-0.046,-2.991,2.991,-0.427
2025-10-05 17:33:08,152,20305,20244,1.002,-0.035,-0.066,-3.723,1.16,-0.732
2025-10-05 17:33:08,171,20305,20244,0.989,-0.029,-0.059,-2.625,-0.183,-0.244
2025-10-05 17:33:08,190,20305,20244,1.001,0.005,-0.049,-2.686,-0.488,-0.793
2025-10-05 17:33:08,209,20305,20244,0.999,-0.022,-0.04,-2.014,2.075,-0.854
2025-10-05 17:33:08,228,20305,20244,0.983,-0.007,-0.065,-2.38,2.625,0.061
2025-10-05 17:33:08,247,20305,20244,1.005,-0.05,-0.068,-2.258,0.427,-0.549
2025-10-05 17:33:08,266,20305,20244,0.959,-0.029,-0.082,-3.906,-0.122,-0.061
2025-10-05 17:33:08,285,20305,20244,0.99,-0.062,-0.058,-4.15,0,-0.977
2025-10-05 17:33:08,304,20305,20244,0.978,-0.027,-0.081,-5.066,-0.671,-0.671
2025-10-05 17:33:08,323,20305,20244,0.995,-0.047,-0.066,-4.7,0.671,-0.549
2025-10-05 17:33:08,341,20305,20244,1.015,0.004,-0.071,-5.615,1.648,-0.671
2025-10-05 17:33:08,361,20305,20244,0.992,-0.035,-0.068,-4.822,0.549,0
2025-10-05 17:33:08,380,20305,20244,1.006,0.001,-0.085,-5.554,-0.61,-0.427
2025-10-05 17:33:08,399,20305,20244,0.948,-0.028,-0.095,-5.249,0.977,0
2025-10-05 17:33:08,418,20305,20244,1.014,-0.013,-0.074,-5.859,1.099,-0.793
2025-10-05 17:33:08,437,20305,20244,1.002,-0.016,-0.093,-6.409,0.732,0.122
2025-10-05 17:33:08,456,20305,20244,1.001,-0.027,-0.069,-7.446,1.709,-0.427
2025-10-05 17:33:08,475,20305,20244,0.996,0.011,-0.047,-8.118,1.648,1.16
2025-10-05 17:33:08,494,20305,20244,0.98,-0.003,-0.095,-8.484,3.357,0.488
2025-10-05 17:33:08,513,20305,20244,0.999,0.022,-0.076,-9.155,1.709,1.587
2025-10-05 17:33:08,532,20305,20244,0.959,-0.001,-0.111,-8.667,0.061,0.61
2025-10-05 17:33:08,551,20305,20244,0.999,0.024,-0.062,-8.972,1.709,2.258
2025-10-05 17:33:08,570,20305,20244,0.991,-0.039,-0.079,-8.789,0.244,0.977
2025-10-05 17:33:08,589,20305,20244,0.983,-0.007,-0.077,-9.46,-1.343,2.319
2025-10-05 17:33:08,608,20305,20244,0.967,-0.051,-0.101,-9.338,0.244,0.916
2025-10-05 17:33:08,627,20305,20244,0.992,-0.021,-0.053,-9.766,3.967,2.319
2025-10-05 17:33:08,646,20305,20244,1.032,-0.028,-0.032,-9.705,4.822,1.221
2025-10-05 17:33:08,665,20305,20244,1.005,-0.028,-0.062,-9.46,-1.099,1.587
2025-10-05 17:33:08,684,20305,20244,0.983,-0.023,-0.109,-9.155,2.38,1.038
2025-10-05 17:33:08,703,20305,20244,0.961,-0.027,-0.124,-9.216,-3.723,1.282
2025-10-05 17:33:08,722,20305,20244,1.007,-0.036,-0.06,-9.338,-1.404,1.038
2025-10-05 17:33:08,741,20305,20244,1.027,-0.02,-0.075,-8.911,4.944,1.343
2025-10-05 17:33:08,760,20305,20244,0.979,-0.035,-0.119,-8.606,5.005,1.221
2025-10-05 17:33:08,778,20305,20244,0.952,-0.022,-0.159,-8.972,-2.38,1.465
2025-10-05 17:33:08,798,20305,20244,0.958,-0.024,-0.115,-8.362,-5.493,0.854
2025-10-05 17:33:08,817,20305,20244,0.981,-0.015,-0.109,-8.667,-4.944,1.587
2025-10-05 17:33:08,836,20305,20244,0.942,-0.043,-0.155,-8.484,-2.197,0.977
2025-10-05 17:33:08,854,20305,20244,1.003,-0.021,-0.114,-9.277,4.333,1.038
2025-10-05 17:33:08,874,20305,20244,1.052,-0.026,-0.072,-8.667,4.517,1.343
2025-10-05 17:33:08,893,20305,20244,1.017,-0.013,-0.106,-8.728,-2.686,1.038
2025-10-05 17:33:08,912,20305,20244,0.939,0.003,-0.165,-8.301,-5.92,1.709
2025-10-05 17:33:08,931,20305,20244,0.926,-0.003,-0.149,-8.118,0.61,1.282
2025-10-05 17:33:08,950,20305,20244,1.014,-0.02,-0.078,-7.629,-2.075,1.099
2025-10-05 17:33:08,969,20305,20244,1.053,-0.047,-0.066,-7.812,3.967,0.488
2025-10-05 17:33:08,988,20305,20244,0.976,-0.064,-0.092,-7.812,4.7,1.099
2025-10-05 17:33:08,1007,20305,20244,0.956,-0.043,-0.133,-8.24,0.793,0.427
2025-10-05 17:33:09,19,20305,20244,0.963,-0.042,-0.127,-8.179,-1.709,0.854
2025-10-05 17:33:09,38,20305,20244,1.002,0.003,-0.096,-8.301,-0.549,0.366
2025-10-05 17:33:09,57,20305,20244,0.987,-0.016,-0.113,-7.812,-0.61,0.671
2025-10-05 17:33:09,76,20305,20244,0.986,-0.014,-0.104,-7.263,1.282,0.061
2025-10-05 17:33:09,95,20305,20244,0.984,-0.041,-0.109,-7.019,2.197,0.488
2025-10-05 17:33:09,114,20305,20244,1.036,-0.031,-0.104,-7.202,1.099,-0.671
2025-10-05 17:33:09,133,20305,20244,0.98,-0.077,-0.112,-6.836,0.488,-0.061
2025-10-05 17:33:09,152,20305,20244,0.98,-0.035,-0.093,-6.958,2.502,-0.732
2025-10-05 17:33:09,171,20305,20244,1.007,-0.052,-0.079,-5.92,2.747,-0.061
2025-10-05 17:33:09,189,20305,20244,1.036,-0.013,-0.093,-5.859,2.502,-0.916
2025-10-05 17:33:09,209,20305,20244,0.984,-0.036,-0.11,-5.127,1.587,-0.549
2025-10-05 17:33:09,228,20305,20244,0.987,-0.033,-0.113,-4.944,1.648,-0.427
2025-10-05 17:33:09,246,20305,20244,1.008,-0.058,-0.085,-4.517,1.465,-0.854
2025-10-05 17:33:09,266,20305,20244,0.996,-0.045,-0.133,-4.15,1.77,-0.244
2025-10-05 17:33:09,285,20305,20244,0.979,-0.039,-0.112,-4.639,0.61,-0.732
2025-10-05 17:33:09,304,20305,20244,0.986,-0.031,-0.119,-4.272,0.549,-0.732
2025-10-05 17:33:09,323,20305,20244,0.969,-0.008,-0.124,-4.7,0.305,-0.488
2025-10-05 17:33:09,342,20305,20244,1.004,-0.02,-0.106,-4.7,1.648,0.122
2025-10-05 17:33:09,361,20305,20244,0.999,0.007,-0.103,-5.859,2.686,-0.122
2025-10-05 17:33:09,380,20305,20244,1.011,-0.025,-0.099,-5.615,2.747,0.061
2025-10-05 17:33:09,399,20305,20244,0.99,0.005,-0.087,-6.592,1.16,0.122
2025-10-05 17:33:09,418,20305,20244,0.998,-0.025,-0.119,-6.226,1.526,0.854
2025-10-05 17:33:09,436,20305,20244,0.98,0.01,-0.096,-7.202,1.099,0.488
2025-10-05 17:33:09,456,20305,20244,1.002,-0.029,-0.1,-6.958,1.831,1.038
2025-10-05 17:33:09,475,20305,20244,0.978,-0.015,-0.088,-7.935,2.991,0.366
2025-10-05 17:33:09,494,20305,20244,1.001,-0.047,-0.107,-7.935,0.671,1.587
2025-10-05 17:33:09,513,20305,20244,0.98,-0.009,-0.077,-9.094,0.977,0.854
2025-10-05 17:33:09,531,20305,20244,0.985,-0.021,-0.098,-8.85,2.075,1.831
2025-10-05 17:33:09,551,20305,20244,0.967,-0.007,-0.083,-9.094,1.282,0.61
2025-10-05 17:33:09,570,20305,20244,0.999,0.001,-0.069,-8.972,0.732,1.831
2025-10-05 17:33:09,589,20305,20244,0.985,-0.025,-0.099,-8.911,-1.343,1.221
2025-10-05 17:33:09,608,20305,20244,0.931,-0.049,-0.123,-8.911,-0.061,0.793
2025-10-05 17:33:09,627,20305,20244,0.997,-0.057,-0.074,-9.094,0.977,0.977
2025-10-05 17:33:09,646,20305,20244,1.007,-0.056,-0.029,-9.216,2.563,1.099
2025-10-05 17:33:09,665,20305,20244,1.011,-0.037,-0.048,-9.521,3.235,0.244
2025-10-05 17:33:09,684,20305,20244,0.983,-0.016,-0.063,-9.949,0.427,1.16
2025-10-05 17:33:09,703,20305,20244,0.999,-0.013,-0.047,-9.094,1.221,0.366
2025-10-05 17:33:09,722,20305,20244,0.96,-0.003,-0.075,-9.399,-0.244,0.061
2025-10-05 17:33:09,741,20305,20244,1.027,-0.023,-0.004,-8.484,1.343,0.916
2025-10-05 17:33:09,760,20305,20244,1.01,-0.032,-0.031,-8.789,0.305,-0.122
2025-10-05 17:33:09,779,20305,20244,0.978,-0.049,-0.037,-8.057,-1.526,0.305
2025-10-05 17:33:09,798,20305,20244,1.017,-0.055,-0.028,-8.789,1.77,-0.183
2025-10-05 17:33:09,817,20305,20244,1.009,-0.044,-0.021,-8.911,1.526,0.244
2025-10-05 17:33:09,836,20305,20244,0.98,-0.033,-0.048,-9.399,0.122,0.488
2025-10-05 17:33:09,855,20305,20244,0.992,-0.021,-0.037,-9.094,-0.305,-0.61
2025-10-05 17:33:09,874,20305,20244,0.993,0.022,-0.038,-8.911,0.305,0.61
2025-10-05 17:33:09,893,20305,20244,0.994,-0.008,-0.049,-8.24,1.282,-0.671
2025-10-05 17:33:09,912,20305,20244,0.991,-0.009,-0.038,-8.179,0.244,0
2025-10-05 17:33:09,931,20305,20244,1.021,-0.036,-0.023,-8.301,2.197,-0.305
2025-10-05 17:33:09,950,20305,20244,0.979,-0.042,-0.044,-8.362,0.061,0.061
2025-10-05 17:33:09,969,20305,20244,1.012,-0.022,-0.037,-8.972,1.648,-0.183
2025-10-05 17:33:09,988,20305,20244,0.958,-0.032,-0.066,-8.545,2.014,0.061
2025-10-05 17:33:09,1007,20305,20244,0.967,-0.001,-0.064,-9.583,-3.54,0.244
2025-10-05 17:33:10,17,20305,20244,1.006,-0.016,-0.018,-9.033,-2.93,-0.305
2025-10-05 17:33:10,37,20305,20244,1.003,-0.011,-0.034,-9.399,-0.061,0.732
2025-10-05 17:33:10,56,20305,20244,1.023,-0.003,0.01,-10.01,0.671,-0.183
2025-10-05 17:33:10,75,20305,20244,0.995,-0.017,-0.035,-8.972,1.526,0.122
2025-10-05 17:33:10,94,20305,20244,0.983,-0.018,-0.059,-9.094,-1.953,0.305
2025-10-05 17:33:10,113,20305,20244,0.989,-0.027,-0.041,-9.46,0.122,0.122
2025-10-05 17:33:10,132,20305,20244,1.017,-0.023,-0.052,-9.033,3.479,0.732
2025-10-05 17:33:10,151,20305,20244,1.051,-0.034,0.03,-9.216,4.028,0.488
2025-10-05 17:33:10,170,20305,20244,0.987,-0.02,-0.05,-8.789,-0.793,-0.366
2025-10-05 17:33:10,189,20305,20244,1.04,-0.015,-0.025,-8.728,-3.845,1.099
2025-10-05 17:33:10,208,20305,20244,0.946,-0.012,-0.1,-9.399,-0.732,0.305
2025-10-05 17:33:10,227,20305,20244,0.946,-0.001,-0.124,-8.85,-3.906,0.854
2025-10-05 17:33:10,245,20305,20244,1.007,-0.017,-0.062,-10.742,-4.883,1.526
2025-10-05 17:33:10,265,20305,20244,1.059,0.006,0.02,-10.071,3.235,-0.305
2025-10-05 17:33:10,284,20305,20244,1.009,-0.047,-0.077,-10.62,1.892,0.305
2025-10-05 17:33:10,303,20305,20244,0.975,-0.016,-0.093,-10.681,2.136,0.854
2025-10-05 17:33:10,322,20305,20244,0.978,0.034,-0.017,-11.292,-1.709,0.854
2025-10-05 17:33:10,341,20305,20244,1.004,0.027,-0.047,-10.01,0.732,1.221
2025-10-05 17:33:10,360,20305,20244,1.018,0.017,-0.041,-10.803,-0.366,0.793
2025-10-05 17:33:10,379,20305,20244,0.943,-0.016,-0.142,-11.047,-0.244,1.221
2025-10-05 17:33:10,398,20305,20244,0.987,-0.026,-0.046,-10.193,1.892,1.221
2025-10-05 17:33:10,416,20305,20244,1.052,-0.024,-0.029,-11.23,0.61,1.038
2025-10-05 17:33:10,436,20305,20244,0.951,0.007,-0.127,-11.475,0.183,1.526
2025-10-05 17:33:10,455,20305,20244,1.008,-0.042,-0.101,-9.888,-2.075,0.427
2025-10-05 17:33:10,473,20305,20244,1.011,0.002,-0.098,-11.841,-2.686,1.587
2025-10-05 17:33:10,493,20305,20244,0.982,-0.017,-0.102,-10.437,-4.028,0.977
2025-10-05 17:33:10,512,20305,20244,1.016,-0.052,-0.11,-10.803,3.967,0.793
2025-10-05 17:33:10,531,20305,20244,1.019,-0,-0.095,-10.742,0.793,1.465
2025-10-05 17:33:10,550,20305,20244,0.954,-0.005,-0.172,-9.46,0,0.549
2025-10-05 17:33:10,569,20305,20244,0.971,-0.001,-0.146,-8.789,-3.235,1.16
2025-10-05 17:33:10,588,20305,20244,1.059,-0.019,-0.048,-8.118,-1.16,0.977
2025-10-05 17:33:10,607,20305,20244,0.914,-0.013,-0.229,-8.057,-6.348,1.038
2025-10-05 17:33:10,626,20305,20244,0.989,-0.067,-0.11,-7.751,3.967,0.61
2025-10-05 17:33:10,645,20305,20244,0.974,-0.06,-0.088,-9.155,5.005,0.61
2025-10-05 17:33:10,664,20305,20244,1.046,-0.058,-0.041,-8.545,4.333,0.854
2025-10-05 17:33:10,683,20305,20244,1.076,-0.038,-0.049,-7.996,0.366,0.366
2025-10-05 17:33:10,702,20305,20244,0.929,0.012,-0.156,-7.996,-8.423,0.427
2025-10-05 17:33:10,721,20305,20244,0.909,-0.019,-0.186,-7.202,-2.686,0
2025-10-05 17:33:10,740,20305,20244,0.956,-0.003,-0.177,-7.324,-9.033,0.977
2025-10-05 17:33:10,759,20305,20244,1.029,-0.031,-0.066,-6.592,-4.7,0.549
2025-10-05 17:33:10,778,20305,20244,1.037,-0.055,-0.028,-7.568,2.502,0.427
2025-10-05 17:33:10,797,20305,20244,0.998,-0.053,-0.069,-7.812,6.409,-0.305
2025-10-05 17:33:10,816,20305,20244,0.994,-0.049,-0.112,-8.301,2.258,-0.366
2025-10-05 17:33:10,835,20305,20244,1,-0.014,-0.12,-8.911,-0.671,0.427
2025-10-05 17:33:10,853,20305,20244,0.983,-0.011,-0.124,-8.667,-0.244,-0.366
2025-10-05 17:33:10,873,20305,20244,1.014,0.031,-0.081,-7.935,2.625,-0.183
2025-10-05 17:33:10,892,20305,20244,0.986,0.005,-0.118,-7.69,-0.671,0.244
2025-10-05 17:33:10,911,20305,20244,0.983,-0.013,-0.102,-7.019,-2.014,0.366
2025-10-05 17:33:10,930,20305,20244,0.981,-0.004,-0.168,-6.348,-3.235,1.099
2025-10-05 17:33:10,949,20305,20244,0.98,-0.033,-0.146,-6.836,-0.305,0.854
2025-10-05 17:33:10,968,20305,20244,0.957,-0.052,-0.116,-7.507,1.953,0.183
2025-10-05 17:33:10,987,20305,20244,0.988,-0.063,-0.075,-7.935,1.465,0.854
2025-10-05 17:33:11,19,20305,20244,1,-0.063,-0.055,-7.996,0.732,0
2025-10-05 17:33:11,38,20305,20244,1.009,-0.012,-0.116,-8.24,0.732,0.671
2025-10-05 17:33:11,57,20305,20244,1,-0.004,-0.095,-7.385,-2.869,-0.61
2025-10-05 17:33:11,76,20305,20244,0.977,0,-0.092,-7.263,-0.244,0.305
2025-10-05 17:33:11,95,20305,20244,1.016,-0.006,-0.044,-6.47,0.977,-0.061
2025-10-05 17:33:11,114,20305,20244,1.014,-0.045,-0.082,-6.531,3.845,0.122
2025-10-05 17:33:11,133,20305,20244,0.983,-0.034,-0.13,-5.981,-0.061,-0.244
2025-10-05 17:33:11,152,20305,20244,0.993,-0.055,-0.107,-6.714,1.404,0.488
2025-10-05 17:33:11,170,20305,20244,0.969,-0.037,-0.136,-6.653,-2.502,-0.183
2025-10-05 17:33:11,190,20305,20244,0.948,-0.056,-0.163,-7.019,-3.296,0.183
2025-10-05 17:33:11,209,20305,20244,0.958,-0.002,-0.165,-7.568,-0.671,0.549
2025-10-05 17:33:11,228,20305,20244,0.966,-0.018,-0.154,-6.958,0.793,0.183
2025-10-05 17:33:11,247,20305,20244,0.962,0.011,-0.137,-6.47,-2.93,0.488
2025-10-05 17:33:11,266,20305,20244,0.995,-0.01,-0.118,-6.104,0.671,-0.305
2025-10-05 17:33:11,285,20305,20244,0.979,-0.015,-0.132,-6.958,1.831,0.977
2025-10-05 17:33:11,304,20305,20244,1.02,-0.04,-0.123,-6.897,-0.244,0.366
2025-10-05 17:33:11,323,20305,20244,0.947,-0.037,-0.151,-6.836,-1.831,1.343
2025-10-05 17:33:11,342,20305,20244,1,-0.031,-0.087,-6.531,1.587,-0.122
2025-10-05 17:33:11,361,20305,20244,0.967,-0.021,-0.14,-6.531,1.221,0.854
2025-10-05 17:33:11,380,20305,20244,0.979,-0.01,-0.114,-7.446,-0.305,1.038
2025-10-05 17:33:11,399,20305,20244,1.021,-0.008,-0.032,-7.812,4.883,0.732
2025-10-05 17:33:11,418,20305,20244,0.942,-0.012,-0.101,-8.118,1.404,0.671
2025-10-05 17:33:11,437,20305,20244,0.989,-0.042,-0.113,-7.385,-2.38,1.099
2025-10-05 17:33:11,456,20305,20244,0.982,-0.019,-0.118,-7.629,-5.676,0.488
2025-10-05 17:33:11,475,20305,20244,0.949,-0.048,-0.145,-7.812,-2.502,1.099
2025-10-05 17:33:11,494,20305,20244,0.965,-0.018,-0.106,-8.972,1.282,0.305
2025-10-05 17:33:11,513,20305,20244,1.015,-0.04,-0.074,-8.057,0.061,0.854
2025-10-05 17:33:11,532,20305,20244,1.043,-0.022,-0.034,-8.301,7.202,0.916
2025-10-05 17:33:11,550,20305,20244,0.989,-0.023,-0.123,-8.728,4.456,0.854
2025-10-05 17:33:11,570,20305,20244,0.956,-0.028,-0.108,-7.385,0.183,1.282
2025-10-05 17:33:11,589,20305,20244,1.005,-0.016,-0.049,-8.179,-3.601,0.305
2025-10-05 17:33:11,608,20305,20244,1.012,-0.035,-0.026,-7.935,2.197,1.038
2025-10-05 17:33:11,627,20305,20244,1.039,-0.041,-0.002,-7.08,7.69,-0.366
2025-10-05 17:33:11,646,20305,20244,0.934,-0.032,-0.112,-7.935,2.258,0.549
2025-10-05 17:33:11,664,20305,20244,1.018,-0.035,-0.026,-6.836,3.601,-0.244
2025-10-05 17:33:11,684,20305,20244,1.011,-0.032,-0.034,-7.446,1.282,0
2025-10-05 17:33:11,703,20305,20244,0.996,-0.021,-0.044,-7.263,1.648,-0.244
2025-10-05 17:33:11,722,20305,20244,0.997,-0.038,-0.053,-7.202,0.122,0.549
2025-10-05 17:33:11,741,20305,20244,1.025,-0.019,-0.025,-6.47,-0.427,-1.16
2025-10-05 17:33:11,760,20305,20244,0.959,-0.028,-0.082,-7.019,-3.174,0.671
2025-10-05 17:33:11,779,20305,20244,1.007,-0.005,-0.072,-7.507,0.061,-0.854
2025-10-05 17:33:11,798,20305,20244,0.959,-0.022,-0.1,-7.568,-1.099,0.671
2025-10-05 17:33:11,817,20305,20244,1.033,-0.002,-0.044,-7.874,-0.305,0.244
2025-10-05 17:33:11,836,20305,20244,0.995,-0.016,-0.052,-7.507,-0.244,0.183
2025-10-05 17:33:11,855,20305,20244,0.993,-0.002,-0.047,-7.446,1.038,0.793
2025-10-05 17:33:11,873,20305,20244,1.024,-0.042,-0.042,-7.202,3.54,-0.549
2025-10-05 17:33:11,893,20305,20244,1.029,-0.025,-0.049,-7.996,4.211,0.244
2025-10-05 17:33:11,912,20305,20244,0.986,-0.046,-0.056,-8.118,1.953,0.916
2025-10-05 17:33:11,931,20305,20244,0.993,-0.025,-0.057,-7.996,0.488,0.061
2025-10-05 17:33:11,950,20305,20244,1.019,-0.031,-0.053,-8.179,0.61,0.977
2025-10-05 17:33:11,969,20305,20244,0.99,-0.01,-0.055,-8.057,3.052,-0.183
2025-10-05 17:33:11,988,20305,20244,1.017,-0.04,-0.045,-7.507,2.563,-0.122
2025-10-05 17:33:11,1007,20305,20244,1.024,0,-0.07,-7.629,-1.038,0.854
2025-10-05 17:33:12,19,20305,20244,0.99,-0.033,-0.093,-7.324,1.099,0.549
2025-10-05 17:33:12,38,20305,20244,0.944,-0.01,-0.106,-8.118,-2.441,0.793
2025-10-05 17:33:12,57,20305,20244,1,-0.027,-0.065,-7.629,-1.038,0.732
2025-10-05 17:33:12,76,20305,20244,0.982,-0.045,-0.106,-8.423,1.587,0.854
2025-10-05 17:33:12,95,20305,20244,0.992,0.003,-0.081,-8.545,0.305,0.549
2025-10-05 17:33:12,114,20305,20244,0.976,-0.036,-0.125,-8.545,-6.165,1.038
2025-10-05 17:33:12,133,20305,20244,1.009,0.006,-0.039,-8.789,-3.479,0.732
2025-10-05 17:33:12,152,20305,20244,0.869,-0.003,-0.193,-9.521,-8.911,1.465
2025-10-05 17:33:12,171,20305,20244,0.963,-0.01,-0.115,-10.315,1.587,1.221
2025-10-05 17:33:12,190,20305,20244,1.039,-0.022,-0.046,-10.132,6.714,0.549
2025-10-05 17:33:12,208,20305,20244,1.05,-0.015,-0.029,-10.315,0.366,1.343
2025-10-05 17:33:12,228,20305,20244,0.969,-0.001,-0.126,-10.803,-7.202,1.953
2025-10-05 17:33:12,247,20305,20244,0.963,-0.006,-0.15,-9.827,-0.244,0.793
2025-10-05 17:33:12,266,20305,20244,1.047,-0.015,-0.082,-9.46,5.188,1.343
2025-10-05 17:33:12,285,20305,20244,1.029,-0.038,-0.071,-9.521,4.028,0.671
2025-10-05 17:33:12,304,20305,20244,0.986,-0.031,-0.086,-8.606,2.93,0.488
2025-10-05 17:33:12,323,20305,20244,0.93,-0.051,-0.105,-9.521,-2.014,0.366
2025-10-05 17:33:12,342,20305,20244,1.015,-0.035,-0.064,-8.606,-0.305,-0.244
2025-10-05 17:33:12,361,20305,20244,1.06,-0.019,-0.101,-7.446,5.737,1.221
2025-10-05 17:33:12,380,20305,20244,0.918,-0.015,-0.18,-6.165,1.831,-1.221
2025-10-05 17:33:12,399,20305,20244,1.076,0.004,-0.017,-4.822,6.409,-0.366
2025-10-05 17:33:12,418,20305,20244,0.93,-0.029,-0.103,-3.174,-2.991,-0.549
2025-10-05 17:33:12,437,20305,20244,1.004,-0.055,-0.137,-2.014,-6.836,-1.099
2025-10-05 17:33:12,456,20305,20244,0.963,-0.093,-0.172,-1.099,-1.953,-1.465
2025-10-05 17:33:12,475,20305,20244,0.976,-0.097,-0.126,-0.732,0.854,-2.014
2025-10-05 17:33:12,494,20305,20244,0.945,-0.062,-0.065,0,1.526,-1.953
2025-10-05 17:33:12,513,20305,20244,0.971,-0.025,-0.081,1.221,2.197,-1.16
2025-10-05 17:33:12,532,20305,20244,1.026,0.028,-0.048,1.16,-0.977,-1.648
2025-10-05 17:33:12,550,20305,20244,1.012,0.024,-0.065,1.953,0.549,-0.671
2025-10-05 17:33:12,570,20305,20244,1.066,0.012,-0.078,1.892,2.502,-0.549
2025-10-05 17:33:12,589,20305,20244,0.995,-0.033,-0.09,1.892,2.441,0
2025-10-05 17:33:12,608,20305,20244,0.998,-0.042,-0.155,1.404,1.831,0.916
2025-10-05 17:33:12,627,20305,20244,0.914,-0.057,-0.152,2.014,-2.625,0.427
2025-10-05 17:33:12,646,20305,20244,0.987,-0.037,-0.129,2.075,-4.456,1.343
2025-10-05 17:33:12,665,20305,20244,0.986,-0.067,-0.109,3.479,-2.991,0.061
2025-10-05 17:33:12,684,20305,20244,0.938,-0.026,-0.215,4.639,-7.324,0.793
2025-10-05 17:33:12,703,20305,20244,0.895,-0.061,-0.222,5.981,-3.845,-0.183
2025-10-05 17:33:12,722,20305,20244,0.955,-0.059,-0.159,6.775,1.953,0.244
2025-10-05 17:33:12,741,20305,20244,1.002,-0.093,-0.126,7.446,3.967,-1.526
2025-10-05 17:33:12,760,20305,20244,1.054,-0.084,-0.087,7.141,1.282,-0.671
2025-10-05 17:33:12,779,20305,20244,1.013,-0.075,-0.1,6.775,-2.808,-2.625
2025-10-05 17:33:12,798,20305,20244,0.946,-0.042,-0.168,6.042,1.282,-1.648
2025-10-05 17:33:12,817,20305,20244,0.927,-0.073,-0.229,5.432,-2.319,-3.662
2025-10-05 17:33:12,836,20305,20244,1.042,-0.039,-0.167,4.333,-3.113,-2.258
2025-10-05 17:33:12,855,20305,20244,1.013,-0.051,-0.108,4.517,0.244,-4.089
2025-10-05 17:33:12,874,20305,20244,0.977,0.043,-0.035,4.395,5.188,-2.625
2025-10-05 17:33:12,893,20305,20244,0.93,-0.013,-0.048,5.737,1.282,-1.831
2025-10-05 17:33:12,912,20305,20244,0.965,0.032,-0.081,5.249,2.258,-2.319
2025-10-05 17:33:12,931,20305,20244,1.011,-0.059,-0.168,5.188,0.244,-0.793
2025-10-05 17:33:12,950,20305,20244,1.01,-0.069,-0.248,2.625,0.183,-2.441
2025-10-05 17:33:12,969,20305,20244,1.011,-0.119,-0.177,2.197,0.305,-1.343
2025-10-05 17:33:12,988,20305,20244,0.966,-0.059,-0.171,0.977,2.991,-2.563
2025-10-05 17:33:12,1007,20305,20244,0.972,-0.041,-0.101,1.465,2.869,-2.014
2025-10-05 17:33:13,18,20305,20244,1.016,0.006,-0.129,1.587,4.15,-2.625
2025-10-05 17:33:13,37,20305,20244,1.021,0.003,-0.131,2.197,3.418,-1.404
2025-10-05 17:33:13,55,20305,20244,1.032,-0.004,-0.151,1.892,3.296,-2.014
2025-10-05 17:33:13,75,20305,20244,0.963,-0.031,-0.156,1.648,1.16,-1.404
2025-10-05 17:33:13,94,20305,20244,0.994,-0.057,-0.143,0.916,-0.61,-1.892
2025-10-05 17:33:13,113,20305,20244,0.975,-0.061,-0.146,-0.122,2.38,-2.075
2025-10-05 17:33:13,132,20305,20244,0.981,-0.045,-0.153,-0.488,2.869,-1.831
2025-10-05 17:33:13,151,20305,20244,0.973,-0.026,-0.167,-0.549,0.183,-2.258
2025-10-05 17:33:13,170,20305,20244,0.976,-0.018,-0.17,-0.244,0.793,-2.93
2025-10-05 17:33:13,189,20305,20264,0.982,0.002,-0.183,-0.244,0.916,-2.686
2025-10-05 17:33:13,208,20305,20264,0.998,-0.018,-0.171,-0.122,2.38,-3.174
2025-10-05 17:33:13,227,20305,20264,1.001,-0.022,-0.143,-0.488,2.38,-2.93
2025-10-05 17:33:13,246,20285,20264,1.012,-0.032,-0.148,-0.977,1.038,-2.38
2025-10-05 17:33:13,265,20285,20264,0.962,-0.036,-0.18,-1.343,-0.854,-3.113
2025-10-05 17:33:13,283,20305,20264,0.96,0.005,-0.175,-1.526,0.366,-1.221
2025-10-05 17:33:13,303,20285,20264,0.992,0.013,-0.162,-1.465,0.61,-1.16
2025-10-05 17:33:13,322,20285,20264,0.974,0.013,-0.159,-1.282,0.305,-1.892
2025-10-05 17:33:13,341,20305,20264,0.964,0.016,-0.162,-1.099,-0.549,-0.732
2025-10-05 17:33:13,360,20285,20264,0.965,-0.008,-0.16,-0.977,-0.732,-0.488
2025-10-05 17:33:13,379,20285,20264,0.962,-0.02,-0.156,-1.16,-0.671,-0.61
2025-10-05 17:33:13,398,20285,20264,0.989,-0.034,-0.158,-1.526,-0.793,-0.122
2025-10-05 17:33:13,416,20305,20264,0.987,-0.016,-0.169,-1.77,-0.122,-0.183
2025-10-05 17:33:13,436,20305,20264,0.996,-0.019,-0.153,-1.953,0.732,-0.488
2025-10-05 17:33:13,455,20305,20264,0.961,-0.012,-0.16,-1.892,0.488,-0.61
2025-10-05 17:33:13,474,20305,20264,1.015,-0.009,-0.146,-1.77,2.258,-0.244
2025-10-05 17:33:13,493,20305,20264,1.025,-0.001,-0.149,-1.282,1.16,-0.183
2025-10-05 17:33:13,512,20305,20264,0.992,-0.015,-0.162,-1.221,-0.61,-0.061
2025-10-05 17:33:13,531,20305,20264,0.968,-0.02,-0.175,-0.916,-0.427,0.244
2025-10-05 17:33:13,550,20305,20264,1.006,-0.038,-0.161,-0.854,-0.427,0.549
2025-10-05 17:33:13,569,20305,20264,0.998,-0.021,-0.157,-0.61,0,0.244
2025-10-05 17:33:13,588,20305,20264,0.984,-0.028,-0.151,-0.427,0.366,0.305
2025-10-05 17:33:13,607,20305,20264,0.968,-0.021,-0.142,-0.305,0.549,-0.244
2025-10-05 17:33:13,626,20305,20264,0.976,-0.023,-0.144,0,0.488,0.305
2025-10-05 17:33:13,645,20305,20264,0.99,-0.019,-0.149,-0.061,-0.183,0.061
2025-10-05 17:33:13,664,20325,20264,0.976,-0.011,-0.149,-0.244,0,0.122
2025-10-05 17:33:13,683,20305,20264,0.976,-0.007,-0.157,-0.244,-0.305,0.366
2025-10-05 17:33:13,702,20305,20264,0.993,-0.009,-0.159,-0.244,0.549,-0.061
2025-10-05 17:33:13,721,20305,20264,0.992,-0.007,-0.159,-0.305,0.488,0.183
2025-10-05 17:33:13,739,20305,20264,0.974,-0.018,-0.163,-0.488,0.305,0.061
2025-10-05 17:33:13,759,20305,20264,1.002,-0.019,-0.158,-0.488,0.244,-0.061
2025-10-05 17:33:13,778,20305,20264,0.994,-0.016,-0.156,-0.427,0.427,0.305
2025-10-05 17:33:13,797,20305,20264,0.981,-0.012,-0.157,-0.427,0.488,-0.061
2025-10-05 17:33:13,816,20305,20264,0.994,-0.014,-0.152,-0.366,0.366,0.366
2025-10-05 17:33:13,835,20305,20264,0.997,-0.023,-0.152,-0.366,0.488,0.183
2025-10-05 17:33:13,854,20305,20264,0.987,-0.03,-0.154,-0.427,0,0.244
2025-10-05 17:33:13,873,20305,20264,0.973,-0.032,-0.155,-0.671,-0.061,0.427
2025-10-05 17:33:13,891,20305,20264,0.979,-0.029,-0.152,-0.916,0.244,-0.061
2025-10-05 17:33:13,911,20305,20264,0.982,-0.024,-0.149,-0.854,0.183,0.061
2025-10-05 17:33:13,930,20305,20264,0.988,-0.017,-0.15,-0.61,0.305,-0.122
2025-10-05 17:33:13,949,20305,20264,0.987,-0.015,-0.151,-0.305,0.183,0.122
2025-10-05 17:33:13,968,20305,20264,0.985,-0.018,-0.154,-0.244,-0.122,-0.061
2025-10-05 17:33:13,987,20305,20264,0.986,-0.021,-0.148,0.061,-0.244,-0.122
2025-10-05 17:33:14,19,20305,20264,0.985,-0.029,-0.135,0.183,-0.366,-0.122
2025-10-05 17:33:14,38,20305,20264,0.98,-0.035,-0.13,0.366,0,-0.122
2025-10-05 17:33:14,56,20305,20264,0.979,-0.031,-0.136,0.61,0.122,-0.061
2025-10-05 17:33:14,76,20305,20264,0.999,-0.031,-0.142,0.671,0.122,-0.427
2025-10-05 17:33:14,95,20305,20264,0.993,-0.023,-0.144,0.732,-0.183,-0.61
2025-10-05 17:33:14,114,20305,20264,0.978,-0.017,-0.136,0.671,-0.244,-0.549
2025-10-05 17:33:14,133,20305,20264,0.993,-0.01,-0.128,0.61,-0.061,-0.549
2025-10-05 17:33:14,152,20305,20264,0.995,0.002,-0.123,0.305,0.061,-0.305
2025-10-05 17:33:14,171,20305,20264,0.986,0.013,-0.115,0.366,0.183,-0.061
2025-10-05 17:33:14,190,20305,20264,0.986,0.009,-0.099,0.244,0.122,0.122
2025-10-05 17:33:14,209,20305,20264,0.987,0.004,-0.095,0.061,0.183,0.061
2025-10-05 17:33:14,228,20305,20264,0.988,-0.013,-0.087,-0.122,-0.061,0.366
2025-10-05 17:33:14,246,20305,20264,0.994,-0.025,-0.088,-0.427,0.122,0.366
2025-10-05 17:33:14,266,20305,20264,0.996,-0.029,-0.087,-0.671,0.183,0.549
2025-10-05 17:33:14,285,20305,20264,0.996,-0.024,-0.084,-1.038,0,0.732
2025-10-05 17:33:14,304,20305,20264,0.991,-0.017,-0.082,-0.854,0.061,0.732
2025-10-05 17:33:14,323,20305,20264,0.991,-0.014,-0.083,-1.038,0.183,0.61
2025-10-05 17:33:14,342,20305,20264,0.994,-0.013,-0.077,-0.732,0.244,0.793
2025-10-05 17:33:14,361,20325,20264,0.997,-0.018,-0.079,-0.61,0.427,0.671
2025-10-05 17:33:14,380,20305,20264,0.993,-0.027,-0.079,-0.61,0.305,0.732
2025-10-05 17:33:14,399,20305,20264,0.989,-0.029,-0.083,-0.732,0.244,0.671
2025-10-05 17:33:14,418,20305,20264,0.995,-0.032,-0.08,-0.671,0.183,0.732
2025-10-05 17:33:14,437,20305,20264,0.993,-0.025,-0.077,-0.61,0.366,0.549
2025-10-05 17:33:14,456,20305,20264,0.99,-0.023,-0.074,-0.427,0.61,0.488
2025-10-05 17:33:14,475,20305,20264,0.989,-0.019,-0.078,-0.305,0.488,0.427
2025-10-05 17:33:14,494,20305,20264,0.993,-0.024,-0.077,-0.122,0.366,0.488
2025-10-05 17:33:14,513,20305,20264,0.991,-0.028,-0.077,0.061,0.122,0.244
2025-10-05 17:33:14,532,20305,20264,0.989,-0.036,-0.077,0.061,0.244,0.305
2025-10-05 17:33:14,551,20305,20264,0.996,-0.035,-0.075,0,0.244,0.183
2025-10-05 17:33:14,570,20305,20264,0.993,-0.032,-0.074,0.122,0.061,-0.122
2025-10-05 17:33:14,589,20305,20264,0.993,-0.026,-0.071,0.305,-0.061,-0.183
2025-10-05 17:33:14,608,20305,20264,0.994,-0.022,-0.073,0.122,0.061,-0.366
2025-10-05 17:33:14,627,20305,20264,0.994,-0.018,-0.075,0.366,0.061,-0.427
2025-10-05 17:33:14,646,20305,20264,0.993,-0.02,-0.079,0.549,0.061,-0.305
2025-10-05 17:33:14,665,20305,20264,0.992,-0.022,-0.082,0.366,0.061,-0.427
2025-10-05 17:33:14,684,20305,20264,0.995,-0.024,-0.077,0.366,0,-0.244
2025-10-05 17:33:14,703,20305,20264,0.992,-0.024,-0.078,0.183,-0.061,-0.244
2025-10-05 17:33:14,721,20305,20264,0.992,-0.022,-0.078,-0.061,0,-0.305
2025-10-05 17:33:14,741,20305,20264,0.989,-0.02,-0.081,-0.061,-0.061,-0.244
2025-10-05 17:33:14,760,20305,20264,0.99,-0.02,-0.086,0,0,-0.305
2025-10-05 17:33:14,779,20305,20264,0.998,-0.019,-0.083,0.061,0.061,-0.366
2025-10-05 17:33:14,798,20305,20264,0.992,-0.021,-0.084,-0.061,0,-0.183
2025-10-05 17:33:14,817,20305,20264,0.986,-0.028,-0.084,-0.122,-0.183,-0.244
2025-10-05 17:33:14,836,20325,20264,0.991,-0.026,-0.086,-0.122,-0.183,-0.122
2025-10-05 17:33:14,855,20325,20264,0.994,-0.022,-0.09,-0.244,0.122,-0.183
2025-10-05 17:33:14,874,20305,20264,0.993,-0.017,-0.091,-0.244,0.122,-0.061
2025-10-05 17:33:14,893,20305,20264,0.989,-0.017,-0.096,-0.244,0,-0.305
2025-10-05 17:33:14,912,20305,20264,0.99,-0.02,-0.095,-0.122,0,-0.122
2025-10-05 17:33:14,931,20325,20264,0.987,-0.024,-0.099,-0.122,-0.122,-0.061
2025-10-05 17:33:14,950,20305,20264,0.988,-0.021,-0.104,0.061,-0.061,-0.061
2025-10-05 17:33:14,969,20305,20264,0.993,-0.023,-0.103,-0.244,-0.061,-0.183
2025-10-05 17:33:14,988,20305,20264,0.991,-0.021,-0.099,-0.427,-0.061,-0.122
2025-10-05 17:33:14,1007,20305,20264,0.989,-0.02,-0.098,-0.427,-0.061,-0.183
2025-10-05 17:33:15,18,20305,20264,0.988,-0.021,-0.103,-0.366,-0.183,-0.122
2025-10-05 17:33:15,37,20305,20264,0.989,-0.016,-0.1,-0.427,0.122,-0.061
2025-10-05 17:33:15,56,20305,20264,0.994,-0.018,-0.103,-0.488,0.305,-0.122
2025-10-05 17:33:15,75,20305,20264,0.991,-0.02,-0.103,-0.488,0,0.061
2025-10-05 17:33:15,94,20305,20264,0.99,-0.025,-0.102,-0.305,0,-0.183
2025-10-05 17:33:15,113,20305,20264,0.986,-0.027,-0.103,-0.427,0,-0.061
2025-10-05 17:33:15,132,20305,20264,0.988,-0.028,-0.104,-0.427,0.183,-0.305
2025-10-05 17:33:15,151,20305,20264,0.995,-0.025,-0.104,-0.488,0.122,-0.244
2025-10-05 17:33:15,170,20305,20264,0.99,-0.018,-0.107,-0.366,0.061,-0.244
2025-10-05 17:33:15,189,20305,20264,0.988,-0.015,-0.105,-0.305,0.061,-0.122
2025-10-05 17:33:15,208,20305,20264,0.989,-0.019,-0.107,-0.366,0.183,-0.366
2025-10-05 17:33:15,227,20305,20264,0.989,-0.021,-0.109,-0.427,0.183,-0.244
2025-10-05 17:33:15,246,20305,20264,0.99,-0.023,-0.111,-0.427,-0.122,-0.244
2025-10-05 17:33:15,265,20305,20264,0.989,-0.021,-0.112,-0.488,0.122,0
2025-10-05 17:33:15,284,20305,20264,0.991,-0.022,-0.111,-0.671,0.244,-0.122
